index,gid,status,language,reviewer,dateText,rating,title,reviewText,suggestedResponse
1,taur:1074682463,pending_approval,en,947drk,"Aug 24, 2026",5.0 of 5 bubbles,Absolutely incredible!,"Absolutely incredible!! Without a doubt the best art experiences I’ve ever had. Every room felt carefully curated and inspiring, and there was so much to discover that you could easily spend hours there. The art, the atmosphere, and the way everything was presented made the visit truly special. I left feeling both moved and inspired. Highly recommended , definitely a 5/5 experience!","Thank you for taking the time to share this. It means a lot that you noticed the care in each room, the atmosphere, and the way everything is presented, and that you left feeling both moved and inspired. You are warmly welcome back whenever you would like to spend more time with it."
2,taur:1074517173,pending_approval,sv,Cruiser17010947327,"Aug 23, 2026",5.0 of 5 bubbles,När något väcks till liv,"En väldigt stark upplevelse. Så mycket kreativitet, närvaro och precision i de små detaljerna. Tajmingen var stundtals otrolig.

Det fanns inget annat än den stunden. Jag gick därifrån med en känsla av att något hade väckts till liv igen. Det berörde mig, och på något sätt kändes det som att jag andades lite friare.","Tack för att du satte ord på det så fint. Att du lade märke till kreativiteten, närvaron, precisionen i de små detaljerna och tajmingen betyder mycket. Det är fint att höra att något fick väckas till liv, och att du gick därifrån med lite friare andetag. Du är varmt välkommen tillbaka."
3,taur:1072807930,approved_posted,sv,310stinah,"Aug 12, 2026",5.0 of 5 bubbles,En oas mitt i Stockholm city,En oas av rogivande konst och musik mitt i Stockholms stadspuls. Vi var där med två rätt energifyllda barn på 8 och 10 år och de tyckte det var lite tråkigt och hade svårt att ta det lugnt. Jag återvänder gärna ensam för att kunna ta in konsten och varva ner till andetagen. Tyckte mycket om den här platsen!,"Tack, Stina. Det är fint att stillheten fann sin plats mitt i stadspulsen. Du är varmt välkommen tillbaka när du vill ta in konsten i din egen takt."
4,taur:1070497061,pending_approval,en,erikal982,"Jul 28, 2026",5.0 of 5 bubbles,Amazing experience,"Amazing experience, very relaxing!! Not crowded at all, super friendly staff.","Thank you for noticing the calm in the room, and for mentioning the space it gave you to relax. It means a lot that the visit felt uncrowded and that the welcome from the staff stayed with you. You are very welcome back."
5,taur:1065025164,pending_approval,sv,361rebeckal,"Jun 20, 2026",5.0 of 5 bubbles,Flummigt men verkligt.,"Flummigt men verkligt. Utifrån beskrivningen är det lätt att tro att Andetag bara är för flummiga yogisar. Det är det inte. Det är en helhetsupplevelse av konst i alla dess former. Något existentiellt. Är du öppen för det så låt dig hänföras. Dras du till hantverket i textilkonst. Studera då de textiler Malin vävt i nära detalj. Låt sedan ögat vandra utåt och när ljuset bakom ändras kan du se hur de väl valda metalldetaljerna i textil får tyget att se ut som blöta ytor, kanske en slemhinna inuti rent av eller en porlande vattenväg. Sen i ett annat ljus anas paradisets ormar slingra runt som en hotande skugga i utkanten tack vare de leopardfläckar Malin vävt in i tyget som blir till ormskinn i vissa ljus. Låt musiken och andetaget sedan guida dig. Vilka minnen dyker upp? När var du senast hänförd? Eller rädd för ditt eget andetag? Testa! Det går helt enkelt inte att beskriva.","Tack för att du såg så noga. Att du lät ögat vandra i Malins vävar och fann både blöta ytor och ormskinn när ljuset skiftade, det är precis den långsamma blicken verket är gjort för. Vi är glada att musiken och andetaget fick guida dig, och att minnena fick komma. Du är välkommen tillbaka när du vill andas igen."
6,taur:1062968038,pending_approval,sv,B8678GYmariej,"Jun 4, 2026",5.0 of 5 bubbles,Release,Skönt. Nerstressande upplevelse.,Tack för att du tog dig tid att skriva. Fint att höra att besöket kändes skönt och fick stressen att släppa en stund. Du är varmt välkommen tillbaka för ett nytt andetag.
7,taur:1062261390,pending_approval,en,Journey00964145703,"May 30, 2026",5.0 of 5 bubbles,Quiet time out,Highly recommendable if you want to break out from the hustle and bustle of everyday-life in a big city,Thank you for describing Andetag as a quiet break from the hustle and bustle of city life. We are glad the visit gave you that pause.
8,taur:1060683821,approved_posted,en,909iland,"May 18, 2026",5.0 of 5 bubbles,Mesmerizing,"It certanly was a breath to inhale and to exhale!
It was so professional and also so humble artpiece.
I will for sure visit it again!
It was one of those artpieces that is better not described and best just experienced!","Thank you for taking the time to describe the experience so clearly. It means a lot that you noticed both the care in the work and its quiet, humble side. We are glad the room gave you space to breathe, and you are very welcome back."
9,taur:1060059191,approved_posted,sv,182mikaelab,"May 13, 2026",5.0 of 5 bubbles,En vistelse på Andetag,Jag och min syster delade upplevelsen med vår 80-åriga mamma. Vi alla tre tyckte att detta var en riktigt skön och rofylld upplevelse som bidrog till kontemplation och fantasi. Vi rekommenderar utställningen varmt till dig som önskar en fin och lugn stund.,"Tack för att ni kom tillsammans, och för att du tog dig tid att skriva. Fint att höra att alla generationer uppskattade upplevelsen! ❤️"
10,taur:1058954102,approved_posted,en,juliawL7399BD,"May 4, 2026",5.0 of 5 bubbles,"Loved it, will be back ✨","I knew visiting Andetag would be incredible, and it was even better than I had imagined ✨

The concept in itself is fantastic, the execution flawless, and the experience transformative.

The admission fee feels totally fair for the experience it provides.

Plan between 30-60min. You could do it in 10min but you would be missing the point.

The atmosphere is magical and entrancing. Once in there it is almost difficult to remember that the outside world exists.

It was very quiet when we were there.

The staff was super friendly, helpful and accommodating!

Best for lovers of experiential art, consciousness curious people, and also anyone curious to try something new.

I will be back!","Thank you for taking the time to stay with the work, and for noticing the quiet in the room. It is good to hear that the concept, the atmosphere, and the care from the staff came through so clearly. You are very welcome back."
11,taur:1058014696,approved_posted,en,RiaanG44,"Apr 27, 2026",5.0 of 5 bubbles,Mesmerising,Could have stayed all day ! Thank you for a breathtaking cranial experience.,You CAN stay all day! Welcome back ❤️
12,taur:1057699032,approved_posted,en,377teresian,"Apr 24, 2026",5.0 of 5 bubbles,Simply Wondrous,"It was a truly beautiful and peaceful experience. We left with a real sense of calm, it was a wondrously beautiful thing to experience together.",Thank you for taking the time to write. It means a lot that you left with a sense of calm. Thank you for visiting.
13,taur:1056519785,ready,sv,I5644QMfeliciah,"Apr 14, 2026",5.0 of 5 bubbles,Jag gick dit själv och det var jag glad för. Jag fick höra Malins andetag och andas både med henne och med mig själv ifred.,"Jag gick dit själv och det var jag glad för. Jag fick höra Malins andetag och andas både med henne och med mig själv ifred.

En sällsam upplevelse med kombinationen av fantastiska vävda verk, ljusinstallationer och musiken. Allt har vävts samman ur en relation, ur kärlek, ur andetag på ett sätt jag aldrig sett eller upplevt förut. Det var en oerhört vacker upplevelse som jag hoppas alla ska ta del av.","Tack för att du ville skriva om ditt besök. Fint att ljuset, musiken och rytmen fick bära upplevelsen för dig. Tack för att du delade stunden med oss."
14,taur:1055504263,ready,en,leonI7435IL,"Apr 5, 2026",5.0 of 5 bubbles,"Amazing interior, supercool rooms, especially the main quiet room. I got very calm and relaxed in there.","Amazing interior, supercool rooms, especially the main quiet room. I got very calm and relaxed in there.

Lovely workers.

I recommend visiting it",Thank you for taking the time to write. We appreciate you noticing the welcome as well. Thank you for being with the work.
15,taur:1054613949,ready,sv,U6610NLingridb,"Mar 29, 2026",5.0 of 5 bubbles,En oas mitt i staden där du kan stanna upp och andas,En oas mitt i staden där du kan stanna upp och andas,Tack för att du ville skriva om ditt besök. Fint att upplevelsen fick landa hos dig. Tack för att du delade stunden med oss.
16,taur:1054439534,ready,en,Antwnis S,"Mar 27, 2026",5.0 of 5 bubbles,It's amazing for relaxing...,It's amazing for relaxing...,Thank you for these generous words. It means a great deal that the space could offer a quiet pause inside the pace of the city. Thank you for being with the work.
17,taur:1054320838,ready,sv,390trinidadu,"Mar 26, 2026",5.0 of 5 bubbles,"Väldigt fint! Ljudet, andetag, textiler, perfekt.","Väldigt fint! Ljudet, andetag, textiler, perfekt.",Tack för att du ville skriva om ditt besök. Fint att de vävda verken fick stanna kvar hos dig. Varmt tack för besöket.
18,taur:1054108874,ready,sv,Heidi W,"Mar 24, 2026",4.0 of 5 bubbles,Visuell och avslappnande upplevelse i vardagens stress.,Visuell och avslappnande upplevelse i vardagens stress.,Tack för att du tog dig tid att skriva. Det betyder mycket att platsen fick bli ett lugnt avbrott mitt i stadens tempo. Sådan återkoppling hjälper oss att se verket tydligare från besökarens sida. Tack för besöket.
19,taur:1053812696,ready,sv,Lars S,"Mar 22, 2026",5.0 of 5 bubbles,Fin upplevelse och vacker konst.,"Fin upplevelse och vacker konst.

Våga släpp taget och lägg dig ner och ta in upplevelsen",Tack för att du tog dig tid att skriva. Fint att upplevelsen fick landa hos dig. Varmt tack för besöket.
20,taur:1053526029,ready,sv,andromachi p,"Mar 19, 2026",5.0 of 5 bubbles,"Fin upplevelse, rekommenderar!","Fin upplevelse, rekommenderar!",Tack för dina ord och för att du delade upplevelsen. Fint att upplevelsen fick landa hos dig. Varmt tack för besöket.
21,taur:1053477495,ready,en,aayia,"Mar 18, 2026",5.0 of 5 bubbles,"This was such a cool experience! In a day and age where life moves so quickly and is so chaotic, this was totally calming and peaceful. The use of textiles and light was very creative, mesmerizing, and beautiful. I loved the idea that breathing with these art pieces in that room was connected to so many other pieces in private collections around the world. The last room was my favorite, and we got to lie down and just breathe. I almost fell asleep! Bonus points that you had to take your shoes off. They provided lockers for you to put your coats, bags, and shoes away.","This was such a cool experience! In a day and age where life moves so quickly and is so chaotic, this was totally calming and peaceful. The use of textiles and light was very creative, mesmerizing, and beautiful. I loved the idea that breathing with these art pieces in that room was connected to so many other pieces in private collections around the world. The last room was my favorite, and we got to lie down and just breathe. I almost fell asleep! Bonus points that you had to take your shoes off. They provided lockers for you to put your coats, bags, and shoes away.

We didn't realize the exhibit closed at 5pm on Sunday, and we arrived with just 30 minutes to spare. The staff were so kind and patient and didn't rush us at all. Maybe it was because we were there at the end of the day, but there weren't many people, so it was nice to enjoy the atmosphere without the crowds.

The exhibit was a bit hard to find. On Google Maps, it looked like it was on the street, but it was actually near the exit of the train station. It was right before the escalators to go up to the street.

We were in Stockholm for a few days, so we chose museums and exhibits to visit to avoid the cold and rain. This was the perfect choice!",Thank you for these generous words. We appreciate you noticing the welcome as well. Thank you for visiting.
22,taur:1053417520,ready,sv,andromachi p,"Mar 18, 2026",5.0 of 5 bubbles,"Avslappnade, magisk kommer säkert igen! Medveten närvaro","Avslappnade, magisk kommer säkert igen! Medveten närvaro",Tack för dina ord och för att du delade upplevelsen. Det betyder mycket att platsen fick bli ett lugnt avbrott mitt i stadens tempo. Tack för att du delade stunden med oss.
23,taur:1052918973,ready,sv,140mattiasb,"Mar 13, 2026",5.0 of 5 bubbles,En upplevelse utöver det vanliga!,En upplevelse utöver det vanliga!,Tack för att du tog dig tid att skriva. Fint att upplevelsen fick landa hos dig. Varmt tack för besöket.
24,taur:1052857758,ready,sv,larsoS521GC,"Mar 13, 2026",5.0 of 5 bubbles,En annorlunda upplevelse. Som flyta omkring bland asteroider. Totalt avslappnande.,En annorlunda upplevelse. Som flyta omkring bland asteroider. Totalt avslappnande.,Tack för att du ville skriva om ditt besök. Det betyder mycket att platsen fick bli ett lugnt avbrott mitt i stadens tempo. Tack för att du delade stunden med oss.
25,taur:1052027068,ready,sv,kristinabX3129HH,"Mar 5, 2026",5.0 of 5 bubbles,"Fantastisk upplevelse. Låt dig landa i andetaget, det visuella och musiken.","Fantastisk upplevelse. Låt dig landa i andetaget, det visuella och musiken.","Tack för dina ord och för att du delade upplevelsen. Fint att ljuset, musiken och rytmen fick bära upplevelsen för dig. Varmt tack för besöket."
26,taur:1051462602,ready,en,betseyph,"Feb 28, 2026",5.0 of 5 bubbles,"was so beautiful! after a stressful week, was just what we needed :)","was so beautiful! after a stressful week, was just what we needed :)",Thank you for sharing your experience with us. We are glad the experience found its way to you. Thank you for spending time with us.
27,taur:1051252354,ready,sv,287th_r_ses,"Feb 27, 2026",5.0 of 5 bubbles,"En magisk, spirituell och meditativ upplevelse! Vi båda älskade det. Besöker mer än gärna igen!","En magisk, spirituell och meditativ upplevelse! Vi båda älskade det. Besöker mer än gärna igen!",Tack för att du tog dig tid att skriva. Fint att upplevelsen fick landa hos dig. Tack för att du delade stunden med oss.
28,taur:1050540663,ready,en,263ulrikaw,"Feb 21, 2026",5.0 of 5 bubbles,"Relaxing and vibrant as Universe, without leaving the crowded city life.","Relaxing and vibrant as Universe, without leaving the crowded city life.",Thank you for sharing your experience with us. It means a great deal that the space could offer a quiet pause inside the pace of the city. Thank you for being with the work.
29,taur:1050119237,ready,sv,663ewab,"Feb 18, 2026",5.0 of 5 bubbles,En fantastisk visuell upplevelse kopplad till andning. Kändes som om vi hade varit på en retreat vecka när vi avslappnade lämnade Andetag.,En fantastisk visuell upplevelse kopplad till andning. Kändes som om vi hade varit på en retreat vecka när vi avslappnade lämnade Andetag.,Tack för dina ord och för att du delade upplevelsen. Det betyder mycket att platsen fick bli ett lugnt avbrott mitt i stadens tempo. Tack för att du delade stunden med oss.
30,taur:1049784189,ready,sv,W6820BWannab,"Feb 15, 2026",5.0 of 5 bubbles,"En fantastisk upplevelse för många sinnen! Hit vill jag gå ofta, om och om igen !","En fantastisk upplevelse för många sinnen! Hit vill jag gå ofta, om och om igen !",Tack för att du tog dig tid att skriva. Fint att upplevelsen fick landa hos dig. Tack för att du kom.
31,taur:1049747432,ready,en,729carloe,"Feb 15, 2026",5.0 of 5 bubbles,I highly recommend this experience. Both for couples or for people that are seeking a relaxing and different experience. Very friendly staff as well.,I highly recommend this experience. Both for couples or for people that are seeking a relaxing and different experience. Very friendly staff as well.,Thank you for sharing your experience with us. It means a great deal that the space could offer a quiet pause inside the pace of the city. Thank you for being with the work.
32,taur:1049711837,ready,en,Scenic28846341100,"Feb 14, 2026",5.0 of 5 bubbles,"The stuff was really friendly and explain led everything really clearly which made us understand the experience better. I love looking at art but it rarely makes me really connect to it. This one makes you feel it. The breathing, the music, the lights. It’s like a meditation with the visual experience. In the last room you want to breathe with the rhythm and automatically close your eyes, but you can’t do that, because you don’t want to miss anything.","The stuff was really friendly and explain led everything really clearly which made us understand the experience better. I love looking at art but it rarely makes me really connect to it. This one makes you feel it. The breathing, the music, the lights. It’s like a meditation with the visual experience. In the last room you want to breathe with the rhythm and automatically close your eyes, but you can’t do that, because you don’t want to miss anything.

I’ll be back again and again ❤️",Thank you for these generous words. We appreciate you noticing the welcome as well. Thank you for spending time with us.
33,taur:1048954200,ready,sv,OscarA124,"Feb 8, 2026",5.0 of 5 bubbles,Fly vardagens stress och belöna dig själv med ett prisvärt besök!!! Länge sedan jag mådde så bra efter ett besök som där. De har lyckats fånga glödens liv denna konst på ett magiskt sätt,Fly vardagens stress och belöna dig själv med ett prisvärt besök!!! Länge sedan jag mådde så bra efter ett besök som där. De har lyckats fånga glödens liv denna konst på ett magiskt sätt,Tack för att du tog dig tid att skriva. Fint att upplevelsen fick landa hos dig. Varmt tack för besöket.
34,taur:1048941599,ready,en,346filippab,"Feb 8, 2026",5.0 of 5 bubbles,"Such a nice experience, the immersive experience of the art in multiple dimensions was amazing. Loved to have a pocket of calm in the middle if the city where you can re-charge your batteries.","Such a nice experience, the immersive experience of the art in multiple dimensions was amazing. Loved to have a pocket of calm in the middle if the city where you can re-charge your batteries.

Its hard to describe with words and should be experienced.

I highly recommend it!",Thank you for sharing your experience with us. It means a great deal that the space could offer a quiet pause inside the pace of the city. Thank you for visiting.
35,taur:1048932949,ready,sv,kristinasI9333FB,"Feb 8, 2026",5.0 of 5 bubbles,Överträffade förväntningarna. konsten ihop med andetagen och den varierande och suggestiva musiken var som ett långt meditationspass som man tar sig an precis som man vill. Man blev lugn så fort man steg in i första rummet. Så fint.,Överträffade förväntningarna. konsten ihop med andetagen och den varierande och suggestiva musiken var som ett långt meditationspass som man tar sig an precis som man vill. Man blev lugn så fort man steg in i första rummet. Så fint.,Tack för att du ville skriva om ditt besök. Det betyder mycket att platsen fick bli ett lugnt avbrott mitt i stadens tempo. Varmt tack för besöket.
36,taur:1048932887,ready,en,Traveler566865,"Feb 8, 2026",5.0 of 5 bubbles,Take your time in here and just follow the sounds and the visuals.,"Take your time in here and just follow the sounds and the visuals.

It is so deeply relaxing and beautiful, like a spa for the brain and then some.","Thank you for taking the time to write. It is lovely to hear that the light, music and rhythm came together for you. Thank you for visiting."
37,taur:1048689869,ready,en,Sightsee41078038361,"Feb 6, 2026",5.0 of 5 bubbles,One of the experiences you have to see yourself. Hard to explain what it does to you. Absolutely breathtaking! We have been around one hour inside. Staff was super kind.,One of the experiences you have to see yourself. Hard to explain what it does to you. Absolutely breathtaking! We have been around one hour inside. Staff was super kind.,Thank you for these generous words. We appreciate you noticing the welcome as well. Thank you for spending time with us.
38,taur:1048657777,ready,en,ralechavezm,"Feb 5, 2026",5.0 of 5 bubbles,It was sooooo lovely! A little piece of serenity and love in the middle of the city 😮‍💨💖🥹,It was sooooo lovely! A little piece of serenity and love in the middle of the city 😮‍💨💖🥹,Thank you for sharing your experience with us. We are glad the experience found its way to you. Thank you for being with the work.
39,taur:1048637781,ready,en,hedvigv2026,"Feb 5, 2026",5.0 of 5 bubbles,Equally therapeutic as it was beautiful 🩷,Equally therapeutic as it was beautiful 🩷,Thank you for sharing your experience with us. We are glad the experience found its way to you. Thank you for spending time with us.
40,taur:1048628312,ready,en,jonnal259,"Feb 5, 2026",5.0 of 5 bubbles,So grateful to have experienced this grounding and awe-inspiring break from the everyday busy life. Went with my mother and partner and it was a beautiful experience to share together.,So grateful to have experienced this grounding and awe-inspiring break from the everyday busy life. Went with my mother and partner and it was a beautiful experience to share together.,Thank you for taking the time to write. It means a great deal that the space could offer a quiet pause inside the pace of the city. Thank you for spending time with us.
41,taur:1048170132,ready,sv,J5941RKalexandero,"Feb 1, 2026",5.0 of 5 bubbles,"Helt otrolig visuell konst. Att säga ""världsklass"" gör det inte ens rättvisa. Rekommenderas mycket varmt, jag kände att jag kunde sitta i timmar och hypnotiseras.","Helt otrolig visuell konst. Att säga ""världsklass"" gör det inte ens rättvisa. Rekommenderas mycket varmt, jag kände att jag kunde sitta i timmar och hypnotiseras.",Tack för att du tog dig tid att skriva. Det betyder mycket att platsen fick bli ett lugnt avbrott mitt i stadens tempo. Varmt tack för besöket.
42,taur:1047886336,ready,en,clarisam77,"Jan 30, 2026",5.0 of 5 bubbles,"This is the third time I come since I found out this place existed and it's now my favorite place in Stockholm. You would have to go and experience this yourself because describing it in words doesn't give it merit. It's a place where I get to appreciate the perfect combination between beautiful art, wonderful music (especially made for the art), amazing lighting / illuminated effects that are connected to the art and MOVES synchronised with the sound, all in a super cosy environment that invites for relaxation and connection with yourself and the universe. Worth experiencing! Whenever you need inspiration and recharging your batteries, go there.","This is the third time I come since I found out this place existed and it's now my favorite place in Stockholm. You would have to go and experience this yourself because describing it in words doesn't give it merit. It's a place where I get to appreciate the perfect combination between beautiful art, wonderful music (especially made for the art), amazing lighting / illuminated effects that are connected to the art and MOVES synchronised with the sound, all in a super cosy environment that invites for relaxation and connection with yourself and the universe. Worth experiencing! Whenever you need inspiration and recharging your batteries, go there.","Thank you for these generous words. It is lovely to hear that the light, music and rhythm came together for you. Thank you for spending time with us."
43,taur:1047269830,ready,sv,KristofferB166,"Jan 25, 2026",4.0 of 5 bubbles,"Intresant koncept om andetag mening. Vore intressant att se andetag genom olika moment. T ex ansträning, rädsla, trygghet o.s.v","Intresant koncept om andetag mening. Vore intressant att se andetag genom olika moment. T ex ansträning, rädsla, trygghet o.s.v",Tack för att du tog dig tid att skriva. Fint att upplevelsen fick landa hos dig. Sådan återkoppling hjälper oss att se verket tydligare från besökarens sida. Tack för besöket.
44,taur:1047133008,ready,sv,45kersting,"Jan 24, 2026",5.0 of 5 bubbles,Avkopplande i en stressig vardag att få andas och landa.,"Avkopplande i en stressig vardag att få andas och landa.

Musiken kunde ha varit lite lägre, annars perfekt.","Tack för att du tog dig tid att skriva. Fint att ljuset, musiken och rytmen fick bära upplevelsen för dig. Tack för att du delade stunden med oss."
45,taur:1046981943,ready,en,Roving20025701077,"Jan 22, 2026",5.0 of 5 bubbles,"Amazing experience, wasn’t sure what to expect but felt that it truly takes you somewhere where you can relax and just float away in your thoughts. Really therapeutical, strongly recommend it to everyone, no prep and no ”previous experience” needed, just relax and enjoy.","Amazing experience, wasn’t sure what to expect but felt that it truly takes you somewhere where you can relax and just float away in your thoughts. Really therapeutical, strongly recommend it to everyone, no prep and no ”previous experience” needed, just relax and enjoy.",Thank you for taking the time to write. It means a great deal that the space could offer a quiet pause inside the pace of the city. Thank you for spending time with us.
46,taur:1046981680,ready,en,595emmay,"Jan 22, 2026",5.0 of 5 bubbles,"Go here if you want to relax and unwind. The installations and sounds are incredibly satisfying and calming. We fell asleep and stayed for almost 2 hours, could have been longer if they didn’t close for the evening!","Go here if you want to relax and unwind. The installations and sounds are incredibly satisfying and calming. We fell asleep and stayed for almost 2 hours, could have been longer if they didn’t close for the evening!","Thank you for taking the time to write. It is lovely to hear that the light, music and rhythm came together for you. Thank you for being with the work."
47,taur:1046723521,ready,en,evabO3619JR,"Jan 20, 2026",5.0 of 5 bubbles,"One of the best exhibitions I have seen in a long time. Great experience for body, mind and soul. Definitely a place to return.","One of the best exhibitions I have seen in a long time. Great experience for body, mind and soul. Definitely a place to return.",Thank you for these generous words. We are glad the experience found its way to you. Thank you for spending time with us.
48,taur:1046511195,ready,sv,Bo Å,"Jan 18, 2026",4.0 of 5 bubbles,En lugn avslappnande och utomordentligt konstnärlig utställning. Något att verkligen se och lyssna in för att få lugn och harmoni,En lugn avslappnande och utomordentligt konstnärlig utställning. Något att verkligen se och lyssna in för att få lugn och harmoni,Tack för att du tog dig tid att skriva. Det betyder mycket att platsen fick bli ett lugnt avbrott mitt i stadens tempo. Sådan återkoppling hjälper oss att se verket tydligare från besökarens sida. Tack för besöket.
49,taur:1046062736,ready,en,maijak2026,"Jan 14, 2026",5.0 of 5 bubbles,"A breathing room in the heart of the city! Beautiful immersive sound, music and light experience. A space to connect to each other but also to yourself and your own breath.","A breathing room in the heart of the city! Beautiful immersive sound, music and light experience. A space to connect to each other but also to yourself and your own breath.",Thank you for these generous words. It means a great deal that the space could offer a quiet pause inside the pace of the city. Thank you for being with the work.
50,taur:1045917292,ready,en,aliciawA2529PT,"Jan 13, 2026",4.0 of 5 bubbles,"Cool art exhibition, well made. Calm experience. Friendly and helpful staff. A bit pricey for me (student).","Cool art exhibition, well made. Calm experience. Friendly and helpful staff. A bit pricey for me (student).",Thank you for taking the time to write. We also appreciate your note that the price felt high for you. That kind of feedback helps us see the work more clearly from the visitor side. Thank you for visiting.
51,taur:1045714350,ready,sv,50almaf,"Jan 11, 2026",5.0 of 5 bubbles,Underbart! Känslan av ett yogapass utan att behöva anstränga sig! Rekommenderas varmt! Jag uppskattade att gå ensam.,Underbart! Känslan av ett yogapass utan att behöva anstränga sig! Rekommenderas varmt! Jag uppskattade att gå ensam.,Tack för att du tog dig tid att skriva. Fint att upplevelsen fick landa hos dig. Tack för att du delade stunden med oss.
52,taur:1045494114,ready,sv,anettee837,"Jan 9, 2026",5.0 of 5 bubbles,"Bara gå hit och få en fin upplevelse! Rekommenderar! Avslappnande, givande och magiskt! Tacksam över den upplevelse!","Bara gå hit och få en fin upplevelse! Rekommenderar! Avslappnande, givande och magiskt! Tacksam över den upplevelse!",Tack för att du tog dig tid att skriva. Det betyder mycket att platsen fick bli ett lugnt avbrott mitt i stadens tempo. Tack för att du kom.
53,taur:1045494100,ready,sv,537ceciliao,"Jan 9, 2026",5.0 of 5 bubbles,"Rekommenderas, en annorlunda upplevelse som får dig att komma ut avkopplad och glad. Kommer tillbaka snart igen !! !!!","Rekommenderas, en annorlunda upplevelse som får dig att komma ut avkopplad och glad. Kommer tillbaka snart igen !! !!!",Tack för att du tog dig tid att skriva. Fint att upplevelsen fick landa hos dig. Varmt tack för besöket.
54,taur:1045228279,ready,sv,I4770OVwendyh,"Jan 7, 2026",4.0 of 5 bubbles,"Älskade upplevelsen och utställningen. För mig personligen blir det otroligt bra när handverk och konst möts med moderna innovativ teknik. Och dem gjorde det på ett otroligt fint och andligt sätt. Vackre konstverk som jag ,för övrigt, gärna skulle vilja ha hemma hos mig. Utöver det andliga och mer meditativa känsla, upplevde jag även referenser till Stranger Things, med ett organiskt konnekted massa","Älskade upplevelsen och utställningen. För mig personligen blir det otroligt bra när handverk och konst möts med moderna innovativ teknik. Och dem gjorde det på ett otroligt fint och andligt sätt. Vackre konstverk som jag ,för övrigt, gärna skulle vilja ha hemma hos mig. Utöver det andliga och mer meditativa känsla, upplevde jag även referenser till Stranger Things, med ett organiskt konnekted massa",Tack för att du tog dig tid att skriva. Det betyder mycket att platsen fick bli ett lugnt avbrott mitt i stadens tempo. Sådan återkoppling hjälper oss att se verket tydligare från besökarens sida. Tack för besöket.
55,taur:1044912484,needs_human_review,es,Elena M,"Jan 4, 2026",5.0 of 5 bubbles,Fue una experiencia extraordinaria. Artistas nos hicieron a sumergirse al mundo interior y olvidarnos por un tiempo de las preocupaciones.,Fue una experiencia extraordinaria. Artistas nos hicieron a sumergirse al mundo interior y olvidarnos por un tiempo de las preocupaciones.,Thank you for sharing your experience with us. It means a great deal that the space could offer a quiet pause inside the pace of the city. Thank you for visiting.
56,taur:1044589751,ready,sv,hannahP3762BT,"Jan 2, 2026",5.0 of 5 bubbles,"Alla museum borde ha mysrum där man får andas. Mycket vacker paus från livet utanför som kombinerar både musik, konst och teknik.","Alla museum borde ha mysrum där man får andas. Mycket vacker paus från livet utanför som kombinerar både musik, konst och teknik.","Tack för dina ord och för att du delade upplevelsen. Fint att ljuset, musiken och rytmen fick bära upplevelsen för dig. Varmt tack för besöket."
57,taur:1044356639,ready,en,europein2022,"Dec 31, 2025",5.0 of 5 bubbles,"It’s like diving into a different world. I highly recommend this, as a short break from all the rush. I have never experienced anything like it.","It’s like diving into a different world. I highly recommend this, as a short break from all the rush. I have never experienced anything like it.",Thank you for sharing your experience with us. It means a great deal that the space could offer a quiet pause inside the pace of the city. Thank you for being with the work.
58,taur:1044070127,ready,sv,stefanaQ7880DB,"Dec 29, 2025",5.0 of 5 bubbles,"Så vackert, lugnt och rogivande. Det var svårt att slita sig från meditationen, och hade de inte stängt för dagen hade jag gärna stannat ett tag till.","Så vackert, lugnt och rogivande. Det var svårt att slita sig från meditationen, och hade de inte stängt för dagen hade jag gärna stannat ett tag till.",Tack för att du ville skriva om ditt besök. Det betyder mycket att platsen fick bli ett lugnt avbrott mitt i stadens tempo. Tack för att du kom.
59,taur:1043217951,ready,sv,Roving57022614144,"Dec 21, 2025",5.0 of 5 bubbles,En psykedelisk tripp utan tvekan! Så himla fint att få landa tillsammans med Malins andetag och öppna upp för en stunds paus mitt i stadens puls!❤️,En psykedelisk tripp utan tvekan! Så himla fint att få landa tillsammans med Malins andetag och öppna upp för en stunds paus mitt i stadens puls!❤️,Tack för dina ord och för att du delade upplevelsen. Fint att upplevelsen fick landa hos dig. Tack för att du delade stunden med oss.
60,taur:1043205341,ready,sv,Maps30644605876,"Dec 21, 2025",5.0 of 5 bubbles,Fantastiskt livsviktig utställning för en välbehövlig paus i vardagen. Jag hoppas att utställningen kan bli permanent. Här kan man möta sig själv och landa.,"Fantastiskt livsviktig utställning för en välbehövlig paus i vardagen. Jag hoppas att utställningen kan bli permanent. Här kan man möta sig själv och landa.

Namaste' 🙏

Ps. Det borde finnas liknande små micro utställningar i regionernas allmänna utrymmen. T.ex. på sjukhus och liknande.Ds.",Tack för att du tog dig tid att skriva. Det betyder mycket att platsen fick bli ett lugnt avbrott mitt i stadens tempo. Varmt tack för besöket.
61,taur:1042990575,ready,en,ssW3622WI,"Dec 19, 2025",5.0 of 5 bubbles,"A special experience from the moment you step inside. Everything from the staff, venue and the art itself encourages you to slow down and leave the stressful world behind. Truly an escape in the middle of the busy city, I hope to be able to visit again soon.","A special experience from the moment you step inside. Everything from the staff, venue and the art itself encourages you to slow down and leave the stressful world behind. Truly an escape in the middle of the busy city, I hope to be able to visit again soon.",Thank you for sharing your experience with us. We appreciate you noticing the welcome as well. Thank you for spending time with us.
62,taur:1042466269,ready,en,timhT135MH,"Dec 14, 2025",5.0 of 5 bubbles,"A completely beautful and thoroughly memorable experience which I’d recommend to anyone wanting deep-felt release from day-to-day pressures. Malin & Gustav’s fabric and light installations were mesmerising. The accompanying breathwork was so beneficial, you cannot help but completely unplug. It felt so revitalising not to be checking my phone every two minutes about the latest worldwide catastrophe; I felt I had licence to switch off and just breathe and....be.","A completely beautful and thoroughly memorable experience which I’d recommend to anyone wanting deep-felt release from day-to-day pressures. Malin & Gustav’s fabric and light installations were mesmerising. The accompanying breathwork was so beneficial, you cannot help but completely unplug. It felt so revitalising not to be checking my phone every two minutes about the latest worldwide catastrophe; I felt I had licence to switch off and just breathe and....be.

I felt thoroughly trippy and relaxed afterwards! Also - this has to be the most value-for-money immersive experience in Stockholm - you are encouraged to stay as long as you like.

Thank you to lovely host Kassa for making us feel so welcome, taking time to explain the work. Absolutely recommended. ❤️","Thank you for taking the time to write. It is lovely to hear that the woven works, light and music came together for you. Thank you for spending time with us."
63,taur:1042176391,ready,sv,LottaJR,"Dec 11, 2025",5.0 of 5 bubbles,"Magisk upplevelse från stressigt vardagskaos och en lokal som granne med tunnelbanehallen finns plötsligt andrummet, stillheten. Musiken, konsten, färgerna och ljuset som bara fick mig att stanna upp, bara vara och landa!","Magisk upplevelse från stressigt vardagskaos och en lokal som granne med tunnelbanehallen finns plötsligt andrummet, stillheten. Musiken, konsten, färgerna och ljuset som bara fick mig att stanna upp, bara vara och landa!",Tack för dina ord och för att du delade upplevelsen. Det betyder mycket att platsen fick bli ett lugnt avbrott mitt i stadens tempo. Tack för att du delade stunden med oss.
64,taur:1042053091,ready,en,Climber47453351882,"Dec 10, 2025",5.0 of 5 bubbles,A performing arts lover? or the one trying to be a performing artist? I'd say this place is a MUST visit place.,"A performing arts lover? or the one trying to be a performing artist? I'd say this place is a MUST visit place.

You might be feeling overwhelmed at the moment.

You might be stressed and want to dig a hole and dive into it.

Then visit this place.",Thank you for these generous words. We are glad the experience found its way to you. Thank you for spending time with us.
65,taur:1041640385,ready,en,622farnazm,"Dec 7, 2025",5.0 of 5 bubbles,"Very beautiful calming experience , I wish the place was bigger, I didn’t want it to end.","Very beautiful calming experience , I wish the place was bigger, I didn’t want it to end.

It’s a perfect experience for those who want to escape from the daily chaos for a while.",Thank you for sharing your experience with us. It means a great deal that the space could offer a quiet pause inside the pace of the city. Thank you for spending time with us.
66,taur:1040824862,ready,en,Schmudkr,"Nov 30, 2025",5.0 of 5 bubbles,"The art installations were very unique and beautiful. Paired with the music and breathing soundtrack, it was also very relaxing. They were inspired by the body and with the optic fiber lights in the darkness, each one evokes different views. The two artists created something wonderful together.","The art installations were very unique and beautiful. Paired with the music and breathing soundtrack, it was also very relaxing. They were inspired by the body and with the optic fiber lights in the darkness, each one evokes different views. The two artists created something wonderful together.

Great activity to do to slow down and practice mindfulness. The main room has been made cozy with a sofa and lots of cushions, pillows, and blankets. Even for individuals who struggle to slow down like myself, there’s enough visual stimulation to help you take the time to slow down.",Thank you for taking the time to write. We are glad the final room gave you time to settle and stay a while. Thank you for spending time with us.
67,taur:1040536258,ready,en,533mollyw,"Nov 27, 2025",5.0 of 5 bubbles,Very cool exhibit! I loved the concept. The last room is so cozy and able to provide a relief from the busy city. I even fell asleep in that room after looking at the installation and being so relaxed by the sounds and visuals.,Very cool exhibit! I loved the concept. The last room is so cozy and able to provide a relief from the busy city. I even fell asleep in that room after looking at the installation and being so relaxed by the sounds and visuals.,Thank you for these generous words. It means a great deal that the space could offer a quiet pause inside the pace of the city. Thank you for visiting.
68,taur:1039944691,ready,sv,Roving48818703358,"Nov 22, 2025",5.0 of 5 bubbles,"En färgsprakande, organisk, kreativ och lugnande meditativ upplevelse för kropp och knopp. Andetaget för dig på en egen resa.","En färgsprakande, organisk, kreativ och lugnande meditativ upplevelse för kropp och knopp. Andetaget för dig på en egen resa.",Tack för att du ville skriva om ditt besök. Det betyder mycket att platsen fick bli ett lugnt avbrott mitt i stadens tempo. Tack för att du delade stunden med oss.
69,taur:1039728233,ready,sv,958tintinf,"Nov 20, 2025",5.0 of 5 bubbles,Underbar plats för stillhet och att vara i sig med sin andning! Att finna andning i sig själv och ändå tillsammans världen över❤️,Underbar plats för stillhet och att vara i sig med sin andning! Att finna andning i sig själv och ändå tillsammans världen över❤️,Tack för att du tog dig tid att skriva. Det betyder mycket att platsen fick bli ett lugnt avbrott mitt i stadens tempo. Tack för att du delade stunden med oss.
70,taur:1039618899,ready,en,LoveTravel590199,"Nov 19, 2025",5.0 of 5 bubbles,AMAZING. The best. 🌈. Wanna go every day.,"AMAZING. The best. 🌈. Wanna go every day.

Come here with friends, alone or with a love.

Peaceful and breathgiving. Loved it.",Thank you for taking the time to write. We are glad the experience found its way to you. Thank you for visiting.
71,taur:1039605853,ready,sv,linno359,"Nov 19, 2025",5.0 of 5 bubbles,"Fascinerande, mjuk och lugn upplevelse! Rekommenderar! Jag var där dagtid vardag vilket var skönt för det var väldigt lugnt i lokalen.","Fascinerande, mjuk och lugn upplevelse! Rekommenderar! Jag var där dagtid vardag vilket var skönt för det var väldigt lugnt i lokalen.",Tack för att du tog dig tid att skriva. Det betyder mycket att platsen fick bli ett lugnt avbrott mitt i stadens tempo. Tack för att du delade stunden med oss.
72,taur:1039320693,ready,en,565patrikg,"Nov 17, 2025",5.0 of 5 bubbles,A brilliant and unique visualization of the core of the human condition. Makes you awe over what it is to be human. Must see when in Stockholm!,A brilliant and unique visualization of the core of the human condition. Makes you awe over what it is to be human. Must see when in Stockholm!,Thank you for these generous words. We are glad the experience found its way to you. Thank you for visiting.
73,taur:1039316045,ready,sv,791intev,"Nov 17, 2025",5.0 of 5 bubbles,"I en vardag av konstant press och fokus på överlevnad är det lätt att glömma bort att verkligen andas. Att ligga i musrymmet med filt och kudde och bevittna ljusshowen och andningen från konstverken tjänade till att få mig tillbaka till mig själv ett tag, och jag lämnade lokalerna avslappnad och lättare inombords.","I en vardag av konstant press och fokus på överlevnad är det lätt att glömma bort att verkligen andas. Att ligga i musrymmet med filt och kudde och bevittna ljusshowen och andningen från konstverken tjänade till att få mig tillbaka till mig själv ett tag, och jag lämnade lokalerna avslappnad och lättare inombords.",Tack för att du ville skriva om ditt besök. Vi blir glada att sista rummet fick ge dig tid att landa. Tack för att du delade stunden med oss.
74,taur:1038059185,ready,sv,Sanamu,"Nov 7, 2025",5.0 of 5 bubbles,"Det var en upplevelse för alla sinnen, konstnärlig och meditativ, oerhört vacker. En plats att varva ner på och vara i andetagen. Tack!","Det var en upplevelse för alla sinnen, konstnärlig och meditativ, oerhört vacker. En plats att varva ner på och vara i andetagen. Tack!",Tack för att du ville skriva om ditt besök. Fint att upplevelsen fick landa hos dig. Varmt tack för besöket.
75,taur:1037972878,ready,en,saralD7035MR,"Nov 6, 2025",5.0 of 5 bubbles,Amazing experience everyone should go and take a deep breath here.....,"Amazing experience everyone should go and take a deep breath here.....

..........................................................................................................................",Thank you for sharing your experience with us. We are glad the experience found its way to you. Thank you for spending time with us.
76,taur:1037970529,ready,sv,Theswedishguest,"Nov 6, 2025",5.0 of 5 bubbles,"Fantastisk upplevelse. Önskar jag kunde få den en stund varje dag. Det var perfekt efter en arbetsdag, kom ut med ett lugn och en hel annan känsla än jag gick in med.","Fantastisk upplevelse. Önskar jag kunde få den en stund varje dag. Det var perfekt efter en arbetsdag, kom ut med ett lugn och en hel annan känsla än jag gick in med.",Tack för dina ord och för att du delade upplevelsen. Det betyder mycket att platsen fick bli ett lugnt avbrott mitt i stadens tempo. Tack för att du kom.
77,taur:1037970527,ready,sv,theresee922,"Nov 6, 2025",5.0 of 5 bubbles,"Fantastisk upplevelse!! Rekommenderar varmt ett besök. Lungt, vackert, häftigt. Många adjektiv kan beskriva upplevelsen","Fantastisk upplevelse!! Rekommenderar varmt ett besök. Lungt, vackert, häftigt. Många adjektiv kan beskriva upplevelsen",Tack för dina ord och för att du delade upplevelsen. Fint att upplevelsen fick landa hos dig. Tack för att du delade stunden med oss.
78,taur:1037741646,ready,sv,lilianh837,"Nov 4, 2025",5.0 of 5 bubbles,Helt magiskt att kliva in i en annan värld för en stund. Häng med i andetaget och släpp taget ❤️🙏 Fina gåvor att köpa till sig själv eller någon annan 🤗,Helt magiskt att kliva in i en annan värld för en stund. Häng med i andetaget och släpp taget ❤️🙏 Fina gåvor att köpa till sig själv eller någon annan 🤗,Tack för dina ord och för att du delade upplevelsen. Fint att upplevelsen fick landa hos dig. Tack för att du delade stunden med oss.
79,taur:1037562610,ready,sv,sandrabA7818TF,"Nov 3, 2025",5.0 of 5 bubbles,Måste ha varit den vackraste och mest välgörande utställningen jag varit på. Rekommenderar verkligen! Det passar minst lika bra att gå dit ensam.,Måste ha varit den vackraste och mest välgörande utställningen jag varit på. Rekommenderar verkligen! Det passar minst lika bra att gå dit ensam.,Tack för att du tog dig tid att skriva. Fint att upplevelsen fick landa hos dig. Tack för att du kom.
80,taur:1037143586,ready,en,415ragnhildg,"Oct 31, 2025",5.0 of 5 bubbles,"We had the most wonderful experience in the exhibition Andetag by Malin and Gustav Tadaa. Time stood still - we were all three (including an 11 year old daughter) moved to a deep level of relaxation and tapping into a sub conscious state, it was a form of luxurious meditation with the immensely beautiful glowing pieces. 100 % mesmerizing! A must see and experience.","We had the most wonderful experience in the exhibition Andetag by Malin and Gustav Tadaa. Time stood still - we were all three (including an 11 year old daughter) moved to a deep level of relaxation and tapping into a sub conscious state, it was a form of luxurious meditation with the immensely beautiful glowing pieces. 100 % mesmerizing! A must see and experience.",Thank you for sharing your experience with us. It means a great deal that the space could offer a quiet pause inside the pace of the city. Thank you for being with the work.
81,taur:1036434002,ready,sv,lol873,"Oct 26, 2025",5.0 of 5 bubbles,"Ja det var verkligen en uppslukande och en väldigt fin och vacker upplevelse tillsammans med de övriga som var där, inte likt något annat vi varit på. Vi = jag pensionär, min dotter 34 samt barnbarn, 12 år.","Ja det var verkligen en uppslukande och en väldigt fin och vacker upplevelse tillsammans med de övriga som var där, inte likt något annat vi varit på. Vi = jag pensionär, min dotter 34 samt barnbarn, 12 år.

Hur kom man på denna annorlunda, välarbetade och berörande installation, mycket begåvad. Imponerande! Önskade jag jobbade i närheten för då skulle jag gå dit ofta och nollställa mina tankar och ta ett djupt andetag.",Tack för att du tog dig tid att skriva. Fint att upplevelsen fick landa hos dig. Varmt tack för besöket.
82,taur:1036365088,ready,en,DayTrip36892708826,"Oct 25, 2025",5.0 of 5 bubbles,Highlight of my visit to Stockholm - a genuinely beautiful and brilliant immersive art experience. It took us a little while to find the place - it’s in the underground station. But it was well worth it.,Highlight of my visit to Stockholm - a genuinely beautiful and brilliant immersive art experience. It took us a little while to find the place - it’s in the underground station. But it was well worth it.,"Thank you for sharing your experience with us. It is lovely to hear that the light, music and rhythm came together for you. Thank you for being with the work."
83,taur:1036324091,ready,sv,betinac505,"Oct 25, 2025",5.0 of 5 bubbles,Jeg har sjeldent følt meg så rolig. Utrolig gode de som jobber der og det er virkelig ett sted du kan sette deg ned å bare puste. Noe av det vakreste jeg har sett.,"Jeg har sjeldent følt meg så rolig. Utrolig gode de som jobber der og det er virkelig ett sted du kan sette deg ned å bare puste. Noe av det vakreste jeg har sett.

Hilsen en fra Norge",Tack för dina ord och för att du delade upplevelsen. Det betyder mycket att platsen fick bli ett lugnt avbrott mitt i stadens tempo. Tack för att du kom.
84,taur:1036290412,ready,sv,Lotta D,"Oct 25, 2025",5.0 of 5 bubbles,"En vacker, fascinerande och berörande upplevelse. Jag landade i mig själv. Rekommenderas för den stressade storstadsmänniskan, eller den nyfikne. Konstverken upplevs organiska.","En vacker, fascinerande och berörande upplevelse. Jag landade i mig själv. Rekommenderas för den stressade storstadsmänniskan, eller den nyfikne. Konstverken upplevs organiska.",Tack för att du tog dig tid att skriva. Fint att upplevelsen fick landa hos dig. Tack för att du kom.
85,taur:1036226084,ready,sv,708karind,"Oct 24, 2025",5.0 of 5 bubbles,Spännande och inspirerande upplevelse med konst tillverkad av intressanta material och fin musik. I sista rummet kunde man koppla av riktigt länge.,Spännande och inspirerande upplevelse med konst tillverkad av intressanta material och fin musik. I sista rummet kunde man koppla av riktigt länge.,Tack för att du ville skriva om ditt besök. Vi blir glada att sista rummet fick ge dig tid att landa. Tack för att du kom.
86,taur:1036207106,ready,sv,509birgittat,"Oct 24, 2025",4.0 of 5 bubbles,Imponerande konstverk och teknologi där du får möjlighet att stanna upp och ta del av alla skiftningar som för varje sekund är unika och aldrig återkommer med exakt samma uttryck!,Imponerande konstverk och teknologi där du får möjlighet att stanna upp och ta del av alla skiftningar som för varje sekund är unika och aldrig återkommer med exakt samma uttryck!,Tack för att du tog dig tid att skriva. Fint att upplevelsen fick landa hos dig. Sådan återkoppling hjälper oss att se verket tydligare från besökarens sida. Tack för besöket.
87,taur:1036193200,ready,sv,253karin_,"Oct 24, 2025",5.0 of 5 bubbles,"Det var som att komma till en annan, underbar värld, en trygg plats omgiven av textilkonstverk. Ett stort lugn alldeles intill den intensiva miljön i T-banan.","Det var som att komma till en annan, underbar värld, en trygg plats omgiven av textilkonstverk. Ett stort lugn alldeles intill den intensiva miljön i T-banan.

Känner mig uppfylld av stämningen, ljudupplevelsen och de lugna andetag som konstverket inspirerade till.",Tack för dina ord och för att du delade upplevelsen. Det betyder mycket att platsen fick bli ett lugnt avbrott mitt i stadens tempo. Tack för att du kom.
88,taur:1036192407,ready,sv,749jennyj,"Oct 24, 2025",5.0 of 5 bubbles,"En sällsam upplevelse! Mitt i stadens liv och larm finns denna fristad för att bara andas. Konstnärerna Malin och Gustav har skapat något unikt, där många sinnen aktiveras och får stillhet.","En sällsam upplevelse! Mitt i stadens liv och larm finns denna fristad för att bara andas. Konstnärerna Malin och Gustav har skapat något unikt, där många sinnen aktiveras och får stillhet.",Tack för dina ord och för att du delade upplevelsen. Det betyder mycket att platsen fick bli ett lugnt avbrott mitt i stadens tempo. Varmt tack för besöket.
89,taur:1036191766,ready,sv,nillanb,"Oct 24, 2025",5.0 of 5 bubbles,En stund för återhämtning och påfyllnad. En paus från bruset. Vackert och märkligt. Ta dig tid att släppa taget och låta dig landa.,En stund för återhämtning och påfyllnad. En paus från bruset. Vackert och märkligt. Ta dig tid att släppa taget och låta dig landa.,Tack för att du tog dig tid att skriva. Fint att upplevelsen fick landa hos dig. Varmt tack för besöket.
90,taur:1035957292,ready,en,katherinedH3831WK,"Oct 22, 2025",5.0 of 5 bubbles,"Very cool experience, the larger room with the pillows and blanket were very grounding and comforting. After a long day of traveling it was a nice reset","Very cool experience, the larger room with the pillows and blanket were very grounding and comforting. After a long day of traveling it was a nice reset",Thank you for these generous words. We are glad the final room gave you time to settle and stay a while. Thank you for spending time with us.
91,taur:1035386587,ready,sv,Sofia L,"Oct 18, 2025",4.0 of 5 bubbles,"Väldigt mysigt ställe, det tog dock ett tag att hitta dit. Helhetsupplevelsen är bra, ett lugn som lägger sig i princip över själen. Men, det är bara tre ”rum” man går in i. I och med att inträdet är ca 200 per person hade man kunnat önska ett större utbud än vad som finns.","Väldigt mysigt ställe, det tog dock ett tag att hitta dit. Helhetsupplevelsen är bra, ett lugn som lägger sig i princip över själen. Men, det är bara tre ”rum” man går in i. I och med att inträdet är ca 200 per person hade man kunnat önska ett större utbud än vad som finns.

Sista rummet var helt underbart, såg många som somnade och var själv nära på det. Så otroligt avslappnande upplevelse.","Tack för att du tog dig tid att skriva. Fint att så mycket ändå nådde fram, och tack också för att du sätter ord på att upplevelsen kändes mindre än du hade väntat dig. Sådan återkoppling hjälper oss att se verket tydligare från besökarens sida. Tack för besöket."
92,taur:1034967502,ready,sv,evalenah2014,"Oct 15, 2025",5.0 of 5 bubbles,Tänk att få uppleva denna magiska ljud och ljuskonst mitt i centrala Stockholm i Hötorgets tunnelbana. Stänga ute bruset en lång stund och sjunka in i andningens magiska värld. Detta måste bara upplevas! Du kommer ångra dig om du inte tar dig tid att uppleva denna magiska ljus och ljuskonst. Värt ett stopp eller varför inte två. Gå dit och få meditativ upplevelse du kommer inte ångra dig!,Tänk att få uppleva denna magiska ljud och ljuskonst mitt i centrala Stockholm i Hötorgets tunnelbana. Stänga ute bruset en lång stund och sjunka in i andningens magiska värld. Detta måste bara upplevas! Du kommer ångra dig om du inte tar dig tid att uppleva denna magiska ljus och ljuskonst. Värt ett stopp eller varför inte två. Gå dit och få meditativ upplevelse du kommer inte ångra dig!,"Tack för dina ord och för att du delade upplevelsen. Fint att ljuset, musiken och rytmen fick bära upplevelsen för dig. Tack för att du kom."
93,taur:1034961635,ready,en,jennylP5013JC,"Oct 15, 2025",5.0 of 5 bubbles,Highly recommend for self care and for couples to detach from reality 🖤 i spent 90 min and could have easily spent longer but I wanted to share with others,Highly recommend for self care and for couples to detach from reality 🖤 i spent 90 min and could have easily spent longer but I wanted to share with others,Thank you for these generous words. It means a great deal that the space could offer a quiet pause inside the pace of the city. Thank you for visiting.
94,taur:1034961540,ready,sv,nathaliep280,"Oct 15, 2025",5.0 of 5 bubbles,"Helt magiskt. 💫 Att kliva in i en tryggt, rofyllt rum och bara få vara, andas och ta in form, ljud och ljus. Hit vill jag komma igen!","Helt magiskt. 💫 Att kliva in i en tryggt, rofyllt rum och bara få vara, andas och ta in form, ljud och ljus. Hit vill jag komma igen!",Tack för att du tog dig tid att skriva. Det betyder mycket att platsen fick bli ett lugnt avbrott mitt i stadens tempo. Tack för att du delade stunden med oss.
95,taur:1032666239,ready,sv,ingridpK5208DG,"Sep 29, 2025",5.0 of 5 bubbles,"En fantastisk upplevelse som rekommenderas varmt. Låt dig ledas in i en värld som saktar in och du med den. Andas, andas, andas. Det är allt du behöver göra.","En fantastisk upplevelse som rekommenderas varmt. Låt dig ledas in i en värld som saktar in och du med den. Andas, andas, andas. Det är allt du behöver göra.",Tack för dina ord och för att du delade upplevelsen. Fint att upplevelsen fick landa hos dig. Tack för att du kom.
96,taur:1032217398,ready,en,claudiamH6775GV,"Sep 26, 2025",5.0 of 5 bubbles,"A magical, cool art exhibition—immersive, inspiring, and bursting with creative wonder.","A magical, cool art exhibition—immersive, inspiring, and bursting with creative wonder.

I loved it so much! Thank you",Thank you for sharing your experience with us. We are glad the experience found its way to you. Thank you for visiting.
97,taur:1031943019,ready,sv,698brittmariel,"Sep 24, 2025",4.0 of 5 bubbles,"Som någon redan skrivit, spa för själen. Vackra konstverk och ljusinstallationerna gör dem helt fantastiska. Ingen stor utställning men sista rummet räcker mer än väl. Att ligga på golvet med kuddar och titta på konstverken i mörkret, lyssna på andetagen är så avslappnande. Rekommenderar verkligen ett besök som upplevelse och sänka stressnivån.","Som någon redan skrivit, spa för själen. Vackra konstverk och ljusinstallationerna gör dem helt fantastiska. Ingen stor utställning men sista rummet räcker mer än väl. Att ligga på golvet med kuddar och titta på konstverken i mörkret, lyssna på andetagen är så avslappnande. Rekommenderar verkligen ett besök som upplevelse och sänka stressnivån.",Tack för att du tog dig tid att skriva. Det betyder mycket att platsen fick bli ett lugnt avbrott mitt i stadens tempo. Sådan återkoppling hjälper oss att se verket tydligare från besökarens sida. Tack för besöket.
98,taur:1031478285,ready,en,191JenniferC,"Sep 21, 2025",5.0 of 5 bubbles,"Staying a couple of days in stockholm, looked at TripAdvisor for things to do and this was very near where we were so decided to give it a go.","Staying a couple of days in stockholm, looked at TripAdvisor for things to do and this was very near where we were so decided to give it a go.

Didn't really know what to expect but as soon as we walked in we were made to feel extremely comfortable and relaxed.

The exhibition is nothing like we'd done before but that's what is amazing about it, it's hard to describe in words so I won't try.

We loved it. Only spent around 25 minutes inside but left relaxed and certainly gave us something to talk about.",Thank you for taking the time to write. It means a great deal that the space could offer a quiet pause inside the pace of the city. Thank you for spending time with us.
99,taur:1030031744,ready,sv,T3017XRlindat,"Sep 12, 2025",5.0 of 5 bubbles,"Fantastisk fantastisk fantastisk upplevelse. Jag kom in stressad och efter utmanande dagar och kände mig nyduschad och helt återupplivad efter mitt besök här. Så vacker konst och otroligt mycket man går igenom under tiden. Väldigt emotionellt. Så härligt att mötas av en person med harmonisk energi också det första man gör, den trevliga mörkhåriga tjejen gav en jättefin presentation. Och fint samtal efteråt. Kommer gärna tillbaka.","Fantastisk fantastisk fantastisk upplevelse. Jag kom in stressad och efter utmanande dagar och kände mig nyduschad och helt återupplivad efter mitt besök här. Så vacker konst och otroligt mycket man går igenom under tiden. Väldigt emotionellt. Så härligt att mötas av en person med harmonisk energi också det första man gör, den trevliga mörkhåriga tjejen gav en jättefin presentation. Och fint samtal efteråt. Kommer gärna tillbaka.",Tack för dina ord och för att du delade upplevelsen. Det betyder mycket att platsen fick bli ett lugnt avbrott mitt i stadens tempo. Tack för att du delade stunden med oss.
100,taur:1030004261,ready,sv,marinafH4228YM,"Sep 12, 2025",5.0 of 5 bubbles,"Fantastiskt meditativ och vacker upplevelse, både visuellt och med musik och andetag! Kommer tillbaka och rekommenderas varmt!","Fantastiskt meditativ och vacker upplevelse, både visuellt och med musik och andetag! Kommer tillbaka och rekommenderas varmt!","Tack för att du ville skriva om ditt besök. Fint att ljuset, musiken och rytmen fick bära upplevelsen för dig. Varmt tack för besöket."
101,taur:1030004211,ready,sv,Dreamer26607964922,"Sep 12, 2025",5.0 of 5 bubbles,Avslappnande och samtidigt omslutande upplevelse utan krav. Väldigt vackert! Och skönt att slippa tidspress när man gick runt.,Avslappnande och samtidigt omslutande upplevelse utan krav. Väldigt vackert! Och skönt att slippa tidspress när man gick runt.,Tack för att du ville skriva om ditt besök. Det betyder mycket att platsen fick bli ett lugnt avbrott mitt i stadens tempo. Tack för att du kom.
102,taur:1029747452,ready,en,221anettel,"Sep 10, 2025",5.0 of 5 bubbles,Amazing what light sound and form can give you such feeling. You gotta try it!! You get an experience in all sences. My warmest recommendation.,Amazing what light sound and form can give you such feeling. You gotta try it!! You get an experience in all sences. My warmest recommendation.,"Thank you for taking the time to write. It is lovely to hear that the light, music and rhythm came together for you. Thank you for visiting."
103,taur:1029663533,ready,en,fannyn954,"Sep 10, 2025",5.0 of 5 bubbles,Amazing!!!! I left feeling so relaxed and inspired. I was there for a dance event and it was so cool to be surrounded by the breathing art while being in movement.,Amazing!!!! I left feeling so relaxed and inspired. I was there for a dance event and it was so cool to be surrounded by the breathing art while being in movement.,Thank you for sharing your experience with us. It means a great deal that the space could offer a quiet pause inside the pace of the city. Thank you for spending time with us.
104,taur:1029029511,ready,en,simurghe2025,"Sep 6, 2025",5.0 of 5 bubbles,"It helped me to be fully present and experience a unique mode of interaction with the space and the artifacts. Also super stimulating visually and mentally. I had fun, and enjoyed it a lot so I highly recommend a visit.","It helped me to be fully present and experience a unique mode of interaction with the space and the artifacts. Also super stimulating visually and mentally. I had fun, and enjoyed it a lot so I highly recommend a visit.",Thank you for these generous words. We are glad the experience found its way to you. Thank you for visiting.
105,taur:1028923793,ready,en,J4366RQmichelleg,"Sep 5, 2025",5.0 of 5 bubbles,Such a beautiful immersive experience. Really took me out of my mind and out of the city into a deep visceral place. I’d recommend this to anybody wanted to do something different and come back to their body and breathe through art.,Such a beautiful immersive experience. Really took me out of my mind and out of the city into a deep visceral place. I’d recommend this to anybody wanted to do something different and come back to their body and breathe through art.,Thank you for taking the time to write. It means a great deal that the space could offer a quiet pause inside the pace of the city. Thank you for spending time with us.
106,taur:1028923716,ready,en,leowZ3473WJ,"Sep 5, 2025",5.0 of 5 bubbles,Wow. Simply wow.,"Wow. Simply wow.

I gave it to my partner and her friend as a surprise friday after work.

We all arrived more or less stressed, and left totally blessed.",Thank you for taking the time to write. We are glad the experience found its way to you. Thank you for spending time with us.
107,taur:1028904577,ready,sv,Ingrid G,"Sep 5, 2025",5.0 of 5 bubbles,"Fantastiskt, avstressande, omslutande och vackert. Vi stannade 45 minuter och njöt av varje minut.","Fantastiskt, avstressande, omslutande och vackert. Vi stannade 45 minuter och njöt av varje minut.

Kan verkligen rekommendera upplevelsen.",Tack för dina ord och för att du delade upplevelsen. Fint att upplevelsen fick landa hos dig. Tack för att du kom.
108,taur:1028902058,ready,en,Noybta,"Sep 5, 2025",5.0 of 5 bubbles,I didn’t know what to expect but this was really something. My favourite artwork of the last decade! Coming on my own - and being lucky to have it to myself for most of the time was perfect. Meditative beautiful creepy sexy organic other worldly. Stay and listen to as many of the 12 pieces in the final room as you can - each has a different character. Apparently there’s even an app to use as a small reminder. Definitely visit - highly recommended!,I didn’t know what to expect but this was really something. My favourite artwork of the last decade! Coming on my own - and being lucky to have it to myself for most of the time was perfect. Meditative beautiful creepy sexy organic other worldly. Stay and listen to as many of the 12 pieces in the final room as you can - each has a different character. Apparently there’s even an app to use as a small reminder. Definitely visit - highly recommended!,Thank you for these generous words. It means a great deal that the space could offer a quiet pause inside the pace of the city. Thank you for being with the work.
109,taur:1028358268,ready,en,779gretac,"Sep 3, 2025",5.0 of 5 bubbles,"This was a magical, outworldly and mystical experience. I am so grateful for this and I felt so calm, held and relaxed the whole time. Hope this place continius existing for everyone to experience ❤️ much love","This was a magical, outworldly and mystical experience. I am so grateful for this and I felt so calm, held and relaxed the whole time. Hope this place continius existing for everyone to experience ❤️ much love",Thank you for taking the time to write. It means a great deal that the space could offer a quiet pause inside the pace of the city. Thank you for spending time with us.
110,taur:1028343572,ready,en,matilder467,"Sep 3, 2025",5.0 of 5 bubbles,It was a good one. I like the art. I want to stay. I want to breath. More. It feels like am not breathing. Am getting aware of my own breath. How hyper I am. I want to breath,It was a good one. I like the art. I want to stay. I want to breath. More. It feels like am not breathing. Am getting aware of my own breath. How hyper I am. I want to breath,Thank you for these generous words. We are glad the experience found its way to you. Thank you for spending time with us.
111,taur:1028343567,ready,sv,Flyer03514302719,"Sep 3, 2025",5.0 of 5 bubbles,"Ett andrum mitt i innerstadens stress, kan verkligen rekommendera denna upplevelse till alla som behöver koppla bort","Ett andrum mitt i innerstadens stress, kan verkligen rekommendera denna upplevelse till alla som behöver koppla bort",Tack för dina ord och för att du delade upplevelsen. Fint att upplevelsen fick landa hos dig. Varmt tack för besöket.
112,taur:1027812423,ready,en,ClemL1,"Aug 31, 2025",5.0 of 5 bubbles,"A unique, creative expression and a colourful, beautiful, and relaxing experience - a great way to stop, unwind and reflect in the city.","A unique, creative expression and a colourful, beautiful, and relaxing experience - a great way to stop, unwind and reflect in the city.",Thank you for sharing your experience with us. It means a great deal that the space could offer a quiet pause inside the pace of the city. Thank you for being with the work.
113,taur:1027705450,ready,en,795alexiab,"Aug 30, 2025",5.0 of 5 bubbles,"Expérience incroyable, reposante, permettant de se connecter à soi à travers la respiration et l’art lumineux de Gustaf et Malin. Un grand merci et bravo à eux !!","Expérience incroyable, reposante, permettant de se connecter à soi à travers la respiration et l’art lumineux de Gustaf et Malin. Un grand merci et bravo à eux !!",Thank you for these generous words. It means a great deal that the space could offer a quiet pause inside the pace of the city. Thank you for spending time with us.
114,taur:1026664292,ready,en,naokok375,"Aug 25, 2025",5.0 of 5 bubbles,Highly recommend for anyone seeking something truly unique. Every moment feels different from thrilling highs to quiet reflections. You leave with a deep sense of focus and clarity.,Highly recommend for anyone seeking something truly unique. Every moment feels different from thrilling highs to quiet reflections. You leave with a deep sense of focus and clarity.,Thank you for sharing your experience with us. It means a great deal that the space could offer a quiet pause inside the pace of the city. Thank you for being with the work.
115,taur:1026388013,ready,en,P3563TRannal,"Aug 24, 2025",5.0 of 5 bubbles,"A very nice, almost magical, grounding experience. A great place to wind down and focus on yourself. The artworks are unique, haven’t seen anything similar before!","A very nice, almost magical, grounding experience. A great place to wind down and focus on yourself. The artworks are unique, haven’t seen anything similar before!",Thank you for these generous words. It means a great deal that the space could offer a quiet pause inside the pace of the city. Thank you for spending time with us.
116,taur:1025913620,ready,sv,K9711PFsofiah,"Aug 21, 2025",5.0 of 5 bubbles,Fantastiskt vackert och avslappnande! En unik upplevelse som jag verkligen kan rekommendera! Häftig location där man går rätt in från Stockholms mest stressade hjärta till en lugn oas.,Fantastiskt vackert och avslappnande! En unik upplevelse som jag verkligen kan rekommendera! Häftig location där man går rätt in från Stockholms mest stressade hjärta till en lugn oas.,Tack för att du ville skriva om ditt besök. Det betyder mycket att platsen fick bli ett lugnt avbrott mitt i stadens tempo. Tack för att du kom.
117,taur:1025781913,ready,sv,michaelbG7480HG,"Aug 20, 2025",5.0 of 5 bubbles,"Ord gör inte denna konstupplevelse rättvisa, den måste upplevas! Jag rekommenderar starkt ett besök på Andetag Stockholm. Är du som jag en stressad storstadsbo, då är ett besök på Andetag ett absolut måste. Efter en timme på plats hade jag landat i ”upplevelsen” av Andetag. Pulsen och blodtrycket hade sänkts avsevärt. Tiden upphörde att existera och jag lyssnade till andragen och allt tycktes flyta samman, jag var ett med konsten. Det var en ljuvlig och fridsam upplevelse att ligga på golvet med en kudde under huvudet, jag befann mig i en oas av välbefinnande och återhämtning. Dessvärre rycktes jag upp ur mitt meditativa tillstånd av en röst som vänligt informerade att det var dags att stänga för kvällen. Motvillig reste jag mig från liggande position med en stark och intensiv känsla av att jag vill ha mycket mer, det hade ju ”bara” gått en timme. Kunde jag inte åtminstone få en timme till tänkta jag då jag kom på bena ... Så stort tack till er konstnärer som gjorde denna upplevelse möjlig och stort tack till dig som tog emot oss på plats och som introducerade oss, på ett mycket inspirerande sätt, till den aktuella konstutställningen. Avslutningsvis, jag ska prioritera att besöka Andetag minst en gång till och det innan utställningen stänger ned för gott i den aktuella lokalen - då ska jag se till att komma i god tid innan utställningen stänger för kvällen. // Michael","Ord gör inte denna konstupplevelse rättvisa, den måste upplevas! Jag rekommenderar starkt ett besök på Andetag Stockholm. Är du som jag en stressad storstadsbo, då är ett besök på Andetag ett absolut måste. Efter en timme på plats hade jag landat i ”upplevelsen” av Andetag. Pulsen och blodtrycket hade sänkts avsevärt. Tiden upphörde att existera och jag lyssnade till andragen och allt tycktes flyta samman, jag var ett med konsten. Det var en ljuvlig och fridsam upplevelse att ligga på golvet med en kudde under huvudet, jag befann mig i en oas av välbefinnande och återhämtning. Dessvärre rycktes jag upp ur mitt meditativa tillstånd av en röst som vänligt informerade att det var dags att stänga för kvällen. Motvillig reste jag mig från liggande position med en stark och intensiv känsla av att jag vill ha mycket mer, det hade ju ”bara” gått en timme. Kunde jag inte åtminstone få en timme till tänkta jag då jag kom på bena ... Så stort tack till er konstnärer som gjorde denna upplevelse möjlig och stort tack till dig som tog emot oss på plats och som introducerade oss, på ett mycket inspirerande sätt, till den aktuella konstutställningen. Avslutningsvis, jag ska prioritera att besöka Andetag minst en gång till och det innan utställningen stänger ned för gott i den aktuella lokalen - då ska jag se till att komma i god tid innan utställningen stänger för kvällen. // Michael",Tack för att du tog dig tid att skriva. Det betyder mycket att platsen fick bli ett lugnt avbrott mitt i stadens tempo. Tack för att du kom.
118,taur:1024383328,ready,en,D9935QWadrianc,"Aug 14, 2025",5.0 of 5 bubbles,"It made me feel fuzzy and hope in someways idk, it was for sure an out of body experience. Like a really nice body high. 10/10 would come back.","It made me feel fuzzy and hope in someways idk, it was for sure an out of body experience. Like a really nice body high. 10/10 would come back.",Thank you for sharing your experience with us. We are glad the experience found its way to you. Thank you for being with the work.
119,taur:1021923279,ready,sv,Pioneer34437556425,"Jul 31, 2025",5.0 of 5 bubbles,En helt enastående vacker upplevelse i den del av staden där den behövs mest. Andetag är verkligen en unik plats där man snabbt sjunker in i en sån lugn och skön tillvaro.,"En helt enastående vacker upplevelse i den del av staden där den behövs mest. Andetag är verkligen en unik plats där man snabbt sjunker in i en sån lugn och skön tillvaro.

Tack för den här gåvan!",Tack för att du ville skriva om ditt besök. Det betyder mycket att platsen fick bli ett lugnt avbrott mitt i stadens tempo. Tack för att du delade stunden med oss.
120,taur:1021846485,ready,sv,danjelarnem,"Jul 31, 2025",5.0 of 5 bubbles,Mycket skön avslappning att gå på under dagen. Rekommenderas varmt och mycket härlig upplevelse. Mycket vackra animationer som smälter samman med andetaget i bakgrunden och skapar en trygg känsla runt avslappningen man upplever.,Mycket skön avslappning att gå på under dagen. Rekommenderas varmt och mycket härlig upplevelse. Mycket vackra animationer som smälter samman med andetaget i bakgrunden och skapar en trygg känsla runt avslappningen man upplever.,Tack för dina ord och för att du delade upplevelsen. Det betyder mycket att platsen fick bli ett lugnt avbrott mitt i stadens tempo. Tack för att du kom.
121,taur:1021541566,ready,sv,innakY6210LQ,"Jul 29, 2025",5.0 of 5 bubbles,"En riktigt magisk upplevelse, rekommenderar verkligen att gå dit och se. Spenderade där mer än en timme och vill definitivt komma tillbaka","En riktigt magisk upplevelse, rekommenderar verkligen att gå dit och se. Spenderade där mer än en timme och vill definitivt komma tillbaka",Tack för att du ville skriva om ditt besök. Fint att upplevelsen fick landa hos dig. Tack för att du delade stunden med oss.
122,taur:1021337438,ready,sv,jaycH4997LK,"Jul 28, 2025",5.0 of 5 bubbles,Man försvann verkligen bort i konsten och alla ljus och ljud som fick en att bara koppla bort all stress och oro 😌👌🏽. Rekommenderas för alla!,Man försvann verkligen bort i konsten och alla ljus och ljud som fick en att bara koppla bort all stress och oro 😌👌🏽. Rekommenderas för alla!,"Tack för att du ville skriva om ditt besök. Fint att ljuset, musiken och rytmen fick bära upplevelsen för dig. Tack för att du kom."
123,taur:1020246604,ready,en,776karlt,"Jul 22, 2025",5.0 of 5 bubbles,"Usually I’m not a person to visit an exhibition more than once. But this experience was deep, like crawling under your skin and aiding you from the inside, like a medicine.","Usually I’m not a person to visit an exhibition more than once. But this experience was deep, like crawling under your skin and aiding you from the inside, like a medicine.

Remebering us that breathing is such an essential thing we do daily and don’t even notice.

Super big thank you!",Thank you for these generous words. It means a great deal that the space could offer a quiet pause inside the pace of the city. Thank you for being with the work.
124,taur:1020120766,ready,sv,823sibaj,"Jul 22, 2025",5.0 of 5 bubbles,Nytt koncept som är välbehövligt i nutidens rush. Fina skulpturer som smälter samman med de fantastiska ljus- och ljudeffekterna. Rekommenderas varmt!,Nytt koncept som är välbehövligt i nutidens rush. Fina skulpturer som smälter samman med de fantastiska ljus- och ljudeffekterna. Rekommenderas varmt!,"Tack för att du tog dig tid att skriva. Fint att ljuset, musiken och rytmen fick bära upplevelsen för dig. Tack för att du delade stunden med oss."
125,taur:1019604762,ready,en,Dilara S,"Jul 20, 2025",5.0 of 5 bubbles,"I had the pleasure of visiting ANDETAG on July 20, and it was truly an experience I won’t soon forget. From the moment I stepped inside, it felt as though the outside world disappeared. Light, sound, and movement blended into something almost dreamlike, a peaceful space where time slows down and the soul can breathe.","I had the pleasure of visiting ANDETAG on July 20, and it was truly an experience I won’t soon forget. From the moment I stepped inside, it felt as though the outside world disappeared. Light, sound, and movement blended into something almost dreamlike, a peaceful space where time slows down and the soul can breathe.

It’s a place where you're encouraged to experience everything at your own pace, and yet you still feel held and welcomed by the space itself.

I also want to thank the incredibly kind and welcoming staff who really added to the experience. A special thank-you to Tiny, who greeted me with a warm smile and made me feel truly cared for. It’s clear that the team working there is passionate about what they do and genuinely wants each visitor to have a meaningful experience.",Thank you for taking the time to write. It means a great deal that the space could offer a quiet pause inside the pace of the city. Thank you for being with the work.
126,taur:1019303548,ready,en,243gabyw,"Jul 18, 2025",5.0 of 5 bubbles,An amazing experience everyone should try if they have an opportunity. Wonderful concept as well as craftsmanship. A true hidden gem that deserves more eyes on it.,An amazing experience everyone should try if they have an opportunity. Wonderful concept as well as craftsmanship. A true hidden gem that deserves more eyes on it.,Thank you for these generous words. We are glad the experience found its way to you. Thank you for spending time with us.
127,taur:1018873683,ready,sv,ericeH3360PZ,"Jul 16, 2025",5.0 of 5 bubbles,"Spännande och avslappnade, skulle kunna gå igen! Väldigt häftigt! Förstår hur folk kunde stanna över 1 h. Vi var väldigt nöjda","Spännande och avslappnade, skulle kunna gå igen! Väldigt häftigt! Förstår hur folk kunde stanna över 1 h. Vi var väldigt nöjda",Tack för dina ord och för att du delade upplevelsen. Det betyder mycket att platsen fick bli ett lugnt avbrott mitt i stadens tempo. Varmt tack för besöket.
128,taur:1018744507,ready,sv,ingelab794,"Jul 15, 2025",5.0 of 5 bubbles,"Så fantastisk, vilken underbar upplevelse!","Så fantastisk, vilken underbar upplevelse!

Så avslappande o vilsamt, ett måste i vår stressade vardag!

Gå och se, upplev och njut!

Tusen tack, helt ljuvligt!",Tack för att du tog dig tid att skriva. Det betyder mycket att platsen fick bli ett lugnt avbrott mitt i stadens tempo. Varmt tack för besöket.
129,taur:1017329114,ready,sv,daniel d,"Jul 9, 2025",5.0 of 5 bubbles,Superfett!! Måste upplevas hur coolt som helst rekommenderar väldigt mycket tycker du om konst så är det ett måsteEn andningspaus i vardagen helt enkelt,Superfett!! Måste upplevas hur coolt som helst rekommenderar väldigt mycket tycker du om konst så är det ett måsteEn andningspaus i vardagen helt enkelt,Tack för att du tog dig tid att skriva. Fint att upplevelsen fick landa hos dig. Tack för att du kom.
130,taur:1015554656,ready,sv,Stella M,"Jun 28, 2025",5.0 of 5 bubbles,Terapi för själen! Estetiskt tillfredsställande konstverk och lugnande miljö. Extra plus för fint bemötande av dom anställda! Kan varmt rekommendera och kommer definitivt besöka igen!,Terapi för själen! Estetiskt tillfredsställande konstverk och lugnande miljö. Extra plus för fint bemötande av dom anställda! Kan varmt rekommendera och kommer definitivt besöka igen!,Tack för att du tog dig tid att skriva. Vi uppskattar också att du nämner bemötandet. Tack för att du kom.
131,taur:1015338647,ready,en,sannoe_81,"Jun 27, 2025",5.0 of 5 bubbles,"I visited with colleagues from abroad and we had a great time at Andetag, it’s a really beautiful and relaxing experience.","I visited with colleagues from abroad and we had a great time at Andetag, it’s a really beautiful and relaxing experience.

It’s not a large exhibition but the staff was very welcoming and the narrative around this art project and the couple that have created it was fascinating. A combo of art, music, tech, lights and spirit connecting people.

The best part was the last room where you could could take a break from the outside world (huge contrast to the subway next door) and immerse yourself, lie down and breathe and just take it all in. The pieces reminded me of organs, mushrooms, underwater creatures or plants from the movie Avatar.

I would have loved going to a yoga, meditation or breathwork class here as well and they told us they even do dance parties which sounded really fun. Hoping it will become a permanent thing. Thank you Andetag!",Thank you for these generous words. We appreciate you noticing the welcome as well. Thank you for spending time with us.
132,taur:1014935050,ready,en,annatP2781SA,"Jun 24, 2025",5.0 of 5 bubbles,This was a great experience to escape the city buzz for a moment. Highly recommended to anyone who is looking for something special.,This was a great experience to escape the city buzz for a moment. Highly recommended to anyone who is looking for something special.,Thank you for taking the time to write. We are glad the experience found its way to you. Thank you for visiting.
133,taur:1014934985,ready,sv,elinorf514,"Jun 24, 2025",5.0 of 5 bubbles,Fantastisk upplevelse!!! Så grundad och lugn efter sista rummet <3 så vackert och välgjort. En riktig oas mitt i stan! Gå hit!,Fantastisk upplevelse!!! Så grundad och lugn efter sista rummet <3 så vackert och välgjort. En riktig oas mitt i stan! Gå hit!,Tack för att du ville skriva om ditt besök. Vi blir glada att sista rummet fick ge dig tid att landa. Varmt tack för besöket.
134,taur:1014886867,ready,sv,Åsa H,"Jun 24, 2025",5.0 of 5 bubbles,Jättefin utställning som tar andan ur en. De har lyckats skapa ett andningshål mitt i storstadspulsen bildligt talat.,Jättefin utställning som tar andan ur en. De har lyckats skapa ett andningshål mitt i storstadspulsen bildligt talat.,Tack för att du tog dig tid att skriva. Fint att upplevelsen fick landa hos dig. Tack för att du kom.
135,taur:1014884964,ready,en,andig657,"Jun 24, 2025",5.0 of 5 bubbles,"The experience was so relaxing and peaceful. The fabric sculptures are lit up from behind and synchronized to the artist’s breathing. The designs are colorful and constantly changing. The last room is dark and quiet and you are invited to lie on the floor — blankets and pillows make this very comfortable. You can watch as the sculptures pulsate with light and color, in sync with music, background sounds and the meditative sound of slow deep breaths ... It was lovely.","The experience was so relaxing and peaceful. The fabric sculptures are lit up from behind and synchronized to the artist’s breathing. The designs are colorful and constantly changing. The last room is dark and quiet and you are invited to lie on the floor — blankets and pillows make this very comfortable. You can watch as the sculptures pulsate with light and color, in sync with music, background sounds and the meditative sound of slow deep breaths ... It was lovely.","Thank you for taking the time to write. It is lovely to hear that the woven works, light and music came together for you. Thank you for spending time with us."
136,taur:1013843164,ready,en,christinarO4038SI,"Jun 20, 2025",5.0 of 5 bubbles,This is the prefect pause from your visit in Stockholm.,"This is the prefect pause from your visit in Stockholm.

Remember to just breathe and be for a moment. I spend 45 min here and did a brief meditation before I went out in the buzzing Stockholm streets and it was liberating indeed.

It is not as big as I first imagined but it’s good enough in size for getting a me moment in.",Thank you for these generous words. It means a great deal that the space could offer a quiet pause inside the pace of the city. Thank you for being with the work.
137,taur:1013616065,ready,sv,Lovisagnes,"Jun 18, 2025",5.0 of 5 bubbles,En upplevelse som alla borde få vara med om. I en stressad vardag är detta som medicin. Jag kom in med ytliga andetag och lämnade med djupa. Tack tack tack!,En upplevelse som alla borde få vara med om. I en stressad vardag är detta som medicin. Jag kom in med ytliga andetag och lämnade med djupa. Tack tack tack!,Tack för dina ord och för att du delade upplevelsen. Fint att upplevelsen fick landa hos dig. Tack för att du delade stunden med oss.
138,taur:1013142421,ready,en,A5876ITadamk,"Jun 15, 2025",5.0 of 5 bubbles,"Immersive, breath taking, simple and complex simultaneously, symmetrical psychedelic masterworks of cloth and light.","Immersive, breath taking, simple and complex simultaneously, symmetrical psychedelic masterworks of cloth and light.

Encouraging meditation, this is an experimental ride through lights into yourself.

Thoroughly recommended!",Thank you for sharing your experience with us. It means a great deal that the space could offer a quiet pause inside the pace of the city. Thank you for spending time with us.
139,taur:1012435149,ready,en,K1116BUjohn,"Jun 10, 2025",5.0 of 5 bubbles,The exhibition was amazing. It’s a very interesting exhibition and incredibly relaxing. I would highly recommend it!,The exhibition was amazing. It’s a very interesting exhibition and incredibly relaxing. I would highly recommend it!,Thank you for sharing your experience with us. It means a great deal that the space could offer a quiet pause inside the pace of the city. Thank you for being with the work.
140,taur:1011664287,ready,sv,mariacO5551EO,"Jun 8, 2025",5.0 of 5 bubbles,"Oförglömligt upplevelse, en liten vackert escape plats för själen, väcker magiska känslor. Stark rekommenderar ❤️.","Oförglömligt upplevelse, en liten vackert escape plats för själen, väcker magiska känslor. Stark rekommenderar ❤️.",Tack för att du tog dig tid att skriva. Fint att upplevelsen fick landa hos dig. Tack för att du kom.
141,taur:1011469066,ready,en,P9295ZYjuliae,"Jun 7, 2025",5.0 of 5 bubbles,Absolutely amazing experience. Didn't want to leave. Make sure you take the opportunity to breathe here and take a break in your day.,Absolutely amazing experience. Didn't want to leave. Make sure you take the opportunity to breathe here and take a break in your day.,Thank you for these generous words. We are glad the experience found its way to you. Thank you for spending time with us.
142,taur:1011397317,ready,sv,312idaj,"Jun 6, 2025",4.0 of 5 bubbles,"Ett välbehövligt andetag och magnifik upplevelse, där du hittar lugnet och din egen tid och andetag i dagens pulserande samhälle.","Ett välbehövligt andetag och magnifik upplevelse, där du hittar lugnet och din egen tid och andetag i dagens pulserande samhälle.",Tack för att du tog dig tid att skriva. Det betyder mycket att platsen fick bli ett lugnt avbrott mitt i stadens tempo. Sådan återkoppling hjälper oss att se verket tydligare från besökarens sida. Tack för besöket.
143,taur:1011347723,ready,sv,leonaB3145RX,"Jun 6, 2025",5.0 of 5 bubbles,Har aldrig sett något liknade!! Vi båda blev helt hypnotiserade av dem vackra färgerna och det helt unika konceptet!,"Har aldrig sett något liknade!! Vi båda blev helt hypnotiserade av dem vackra färgerna och det helt unika konceptet!

10/10. En av dem bästa konstutställningar jag har sett❤️",Tack för dina ord och för att du delade upplevelsen. Fint att upplevelsen fick landa hos dig. Tack för att du kom.
144,taur:1011192701,ready,sv,hoppn,"Jun 5, 2025",5.0 of 5 bubbles,Super häftigt!! Helt annorlunda än vad jag förväntade mig!! Man fick vända blicken innåt sig själv!! Blr upptäckas av fler.,Super häftigt!! Helt annorlunda än vad jag förväntade mig!! Man fick vända blicken innåt sig själv!! Blr upptäckas av fler.,Tack för att du ville skriva om ditt besök. Fint att upplevelsen fick landa hos dig. Tack för att du delade stunden med oss.
145,taur:1010936800,ready,sv,Alexander J,"Jun 3, 2025",5.0 of 5 bubbles,Enastående och fantastiskt!,"Enastående och fantastiskt!

Måste upplevas. Andetag!!

Saknar ord!

Om jag kunde skulle jag vilja ha ett sådant konstverk hemma!

Kommer definitivt tillbaka fler ggr!!",Tack för att du ville skriva om ditt besök. Fint att upplevelsen fick landa hos dig. Tack för att du kom.
146,taur:1010329857,ready,en,A5857YOemmah,"May 30, 2025",5.0 of 5 bubbles,Amazing creation of art and human interaction with their own breath. It’s a combination of traditional techniques and technology. Must be experienced to feel the atmosphere.,Amazing creation of art and human interaction with their own breath. It’s a combination of traditional techniques and technology. Must be experienced to feel the atmosphere.,Thank you for sharing your experience with us. We are glad the experience found its way to you. Thank you for visiting.
147,taur:1010281504,ready,sv,kristinalH360YR,"May 30, 2025",5.0 of 5 bubbles,Underbart! Rekommenderar ett besök ensam eller med en vän som du vill njuta tystnad tillsammans med. Jag blev uppfylld av konceptet och den konstnärliga idén. Nästa gång kommer jag gå dit bara för min egen andning. Som en yogastudio mitt i citypulsen.,Underbart! Rekommenderar ett besök ensam eller med en vän som du vill njuta tystnad tillsammans med. Jag blev uppfylld av konceptet och den konstnärliga idén. Nästa gång kommer jag gå dit bara för min egen andning. Som en yogastudio mitt i citypulsen.,Tack för att du ville skriva om ditt besök. Fint att upplevelsen fick landa hos dig. Tack för att du kom.
148,taur:1010227762,ready,en,rebeckac412,"May 30, 2025",5.0 of 5 bubbles,"It is a beautiful place to just embrace everything. If you really listen and relax and feel the beauty with the art Pieces, the Music and the breathing you can travel to places in mind that makes you feel like home in a way. I was there with a friend one time, but wasn’t really done when we left, so I went back with my dad. This time I had time to take it all in for real. Tears of joy, sadness, laughter and hope came down my cheeks. It made me joyful. Beautiful!!!","It is a beautiful place to just embrace everything. If you really listen and relax and feel the beauty with the art Pieces, the Music and the breathing you can travel to places in mind that makes you feel like home in a way. I was there with a friend one time, but wasn’t really done when we left, so I went back with my dad. This time I had time to take it all in for real. Tears of joy, sadness, laughter and hope came down my cheeks. It made me joyful. Beautiful!!!

/Rebecka

@heartbyrebecka -Artist","Thank you for these generous words. It is lovely to hear that the light, music and rhythm came together for you. Thank you for spending time with us."
149,taur:1009170187,ready,sv,sarabW7025QS,"May 25, 2025",5.0 of 5 bubbles,"En otroligt fin upplevelse av denna oas mitt i Stockholms puls. Här finns plats för reflektion, vila och stora ANDETAG.","En otroligt fin upplevelse av denna oas mitt i Stockholms puls. Här finns plats för reflektion, vila och stora ANDETAG.

Härifrån går man ut igen lite förändrad... Centrerad, förankrad i sig själv. Jag klev ut på Kungsgatan efteråt och kände att stadens stress och tempo i kunde nå mig. Som att jag stod stadig med ett virrvarr runtomkring mig.

Besök Andetag!!",Tack för att du ville skriva om ditt besök. Det betyder mycket att platsen fick bli ett lugnt avbrott mitt i stadens tempo. Tack för att du kom.
150,taur:1009001261,ready,en,isak555,"May 24, 2025",5.0 of 5 bubbles,AMAZING experience both beautiful and transcendental. Incredible art and space to be in. Not crowded but curated. Grateful,AMAZING experience both beautiful and transcendental. Incredible art and space to be in. Not crowded but curated. Grateful,Thank you for taking the time to write. It means a great deal that the space could offer a quiet pause inside the pace of the city. Thank you for visiting.
151,taur:1009001224,ready,en,V7640SIcarolab,"May 24, 2025",5.0 of 5 bubbles,It’s a magical place in Stockholm!! In the rushing of a subway station you can enter this calm and spiritual space. Just come and see it for yourself! ❤️,It’s a magical place in Stockholm!! In the rushing of a subway station you can enter this calm and spiritual space. Just come and see it for yourself! ❤️,Thank you for sharing your experience with us. It means a great deal that the space could offer a quiet pause inside the pace of the city. Thank you for spending time with us.
152,taur:1008973394,ready,en,V8212KRdanielg,"May 24, 2025",5.0 of 5 bubbles,Really nice! I like the special made fabric together with the high technology illumination and synchronization with sound. It slowed down the day to really take in all the details. Almost like a psychedelic experience.,Really nice! I like the special made fabric together with the high technology illumination and synchronization with sound. It slowed down the day to really take in all the details. Almost like a psychedelic experience.,Thank you for these generous words. It means a great deal that the space could offer a quiet pause inside the pace of the city. Thank you for visiting.
153,taur:1008973272,ready,sv,Meander63979740483,"May 24, 2025",5.0 of 5 bubbles,"Unik upplevelse som tar dig till in i dig själv med hjälp av andetag, konst och ljud.","Unik upplevelse som tar dig till in i dig själv med hjälp av andetag, konst och ljud.

Lämna verkligheten för en stund.

En utställning som blandar textilkonst med ljus och ljud","Tack för att du ville skriva om ditt besök. Fint att de vävda verken, ljuset och musiken fick hänga ihop för dig. Tack för att du kom."
154,taur:1008964532,ready,en,I4022ZFlenaj,"May 24, 2025",5.0 of 5 bubbles,Absolutely amazing experience! I entered a deep state meditation and it was super relaxing. Highly recommend this experience.,Absolutely amazing experience! I entered a deep state meditation and it was super relaxing. Highly recommend this experience.,Thank you for these generous words. It means a great deal that the space could offer a quiet pause inside the pace of the city. Thank you for visiting.
155,taur:1008810566,ready,sv,41anncatrins,"May 23, 2025",5.0 of 5 bubbles,Fantastiskt vacker påminnelse om andetagets betydelse och påverkan och kraft. Otroligt vackert att utställningen är världsomfattande. Fantastiska färger och former.,Fantastiskt vacker påminnelse om andetagets betydelse och påverkan och kraft. Otroligt vackert att utställningen är världsomfattande. Fantastiska färger och former.,Tack för att du ville skriva om ditt besök. Det betyder mycket att platsen fick bli ett lugnt avbrott mitt i stadens tempo. Tack för att du delade stunden med oss.
156,taur:1008733660,ready,sv,heilyv2022,"May 22, 2025",5.0 of 5 bubbles,Kombination av fantastisk kreativitet och lugn i en och samma upplevelse! Värt att passa på en stund oavsett tid under dagen,Kombination av fantastisk kreativitet och lugn i en och samma upplevelse! Värt att passa på en stund oavsett tid under dagen,Tack för att du ville skriva om ditt besök. Det betyder mycket att platsen fick bli ett lugnt avbrott mitt i stadens tempo. Tack för att du delade stunden med oss.
157,taur:1008721628,ready,en,jonasj853,"May 22, 2025",5.0 of 5 bubbles,Truly stunning and innovative art that is also has nice meditative effect being with it. Not so often I become amazed by exhibitions but this really does amaze me.,Truly stunning and innovative art that is also has nice meditative effect being with it. Not so often I become amazed by exhibitions but this really does amaze me.,Thank you for sharing your experience with us. We are glad the experience found its way to you. Thank you for being with the work.
158,taur:1008720651,ready,sv,tinamY9597UB,"May 22, 2025",5.0 of 5 bubbles,Wow!!! En magisk upplevelse som lämnar dig grundad och förundrad. Andetag är ett helt unikt museum som inte går att jämföra med något annat ✨,Wow!!! En magisk upplevelse som lämnar dig grundad och förundrad. Andetag är ett helt unikt museum som inte går att jämföra med något annat ✨,Tack för dina ord och för att du delade upplevelsen. Fint att upplevelsen fick landa hos dig. Varmt tack för besöket.
159,taur:1008679714,ready,sv,Gabrielle L,"May 22, 2025",5.0 of 5 bubbles,"Otroligt vackra och fascinerande konstverk rent visuellt men det magiska med upplevelsen var att lägga sig på golvet och andas intakt till musiken, ljudet av andetaget från Malin och konstverkens rörelse. Kommer mer än gärna tillbaka för att få uppleva detta igen!!!","Otroligt vackra och fascinerande konstverk rent visuellt men det magiska med upplevelsen var att lägga sig på golvet och andas intakt till musiken, ljudet av andetaget från Malin och konstverkens rörelse. Kommer mer än gärna tillbaka för att få uppleva detta igen!!!

Tack för detta magiska besök 🙏",Tack för dina ord och för att du delade upplevelsen. Det betyder mycket att platsen fick bli ett lugnt avbrott mitt i stadens tempo. Tack för att du delade stunden med oss.
160,taur:1008565801,ready,en,emmaj155,"May 21, 2025",5.0 of 5 bubbles,Incredible exhibition. Such a relaxing experience and really fascinating art. Beautiful work! I came back twice and gladly recommend this to all of my friends and family.,Incredible exhibition. Such a relaxing experience and really fascinating art. Beautiful work! I came back twice and gladly recommend this to all of my friends and family.,Thank you for these generous words. It means a great deal that the space could offer a quiet pause inside the pace of the city. Thank you for spending time with us.
161,taur:1008544308,ready,sv,linng529,"May 21, 2025",5.0 of 5 bubbles,En häftig upplevelse som delades med en god vän och en liten bebis som var väldigt fascinerad. Tips är att besöka dagtid för chans till att ta del av utställningen i lugn och ro.,En häftig upplevelse som delades med en god vän och en liten bebis som var väldigt fascinerad. Tips är att besöka dagtid för chans till att ta del av utställningen i lugn och ro.,Tack för att du ville skriva om ditt besök. Det betyder mycket att platsen fick bli ett lugnt avbrott mitt i stadens tempo. Tack för att du delade stunden med oss.
162,taur:1008536604,ready,en,492sunnivag,"May 21, 2025",5.0 of 5 bubbles,"Amazing experience for my body, mind and soul. I came home to my heart, and felt that soft feminine energy go through my body. It was beautiful.","Amazing experience for my body, mind and soul. I came home to my heart, and felt that soft feminine energy go through my body. It was beautiful.",Thank you for these generous words. It means a great deal that the space could offer a quiet pause inside the pace of the city. Thank you for spending time with us.
163,taur:1007424147,ready,sv,Sunshine45455890554,"May 13, 2025",5.0 of 5 bubbles,"En helhetsupplevelse för själen och alla sinnen, som att besöka en ny dimension både i verkligheten och i mig själv. Att låta sig omslutas av ljus, mörker och andetagen var en otrolig upplevelse. Missa absolut inte detta.","En helhetsupplevelse för själen och alla sinnen, som att besöka en ny dimension både i verkligheten och i mig själv. Att låta sig omslutas av ljus, mörker och andetagen var en otrolig upplevelse. Missa absolut inte detta.",Tack för dina ord och för att du delade upplevelsen. Det betyder mycket att platsen fick bli ett lugnt avbrott mitt i stadens tempo. Tack för att du delade stunden med oss.
164,taur:1006708212,ready,sv,AnnikaR655,"May 10, 2025",5.0 of 5 bubbles,"Helt magisk utställning. Vilket arbete, både med textilierna och tekniken. Underbar paus i livet mitt i stadens brus. Fantastiskt att få uppleva andetaget i konstform. En känsla som stannar i kroppen länge!","Helt magisk utställning. Vilket arbete, både med textilierna och tekniken. Underbar paus i livet mitt i stadens brus. Fantastiskt att få uppleva andetaget i konstform. En känsla som stannar i kroppen länge!",Tack för att du ville skriva om ditt besök. Det betyder mycket att platsen fick bli ett lugnt avbrott mitt i stadens tempo. Tack för att du delade stunden med oss.
165,taur:1006635625,ready,en,nortravelvik,"May 10, 2025",5.0 of 5 bubbles,Andetag is the perfect crossover between art and spa. Just what our minds and bodies need in these times! Highly recommended,Andetag is the perfect crossover between art and spa. Just what our minds and bodies need in these times! Highly recommended,Thank you for taking the time to write. It means a great deal that the space could offer a quiet pause inside the pace of the city. Thank you for being with the work.
166,taur:1006279483,ready,sv,annastinah2016,"May 7, 2025",5.0 of 5 bubbles,"Vill du ha en vilsam timme- besök utställningen andetag, vid Hötorget i Stockholm!","Vill du ha en vilsam timme- besök utställningen andetag, vid Hötorget i Stockholm!

Textil konst och just andetag. Ljusdioder i verken som lyser som andetagen.","Tack för att du tog dig tid att skriva. Fint att de vävda verken, ljuset och musiken fick hänga ihop för dig. Tack för att du kom."
167,taur:1005199656,ready,sv,C2285SJjessicab,"April 30, 2025",5.0 of 5 bubbles,"Bjöd med vänner som var i Stockholm över helgen. Jag hade inte varit där ännu men läst om utställningen och sett Tadaa på den omtalade utställningen i Reaktorhallen några år innan. Då magiskt men nu denna i Hötorget är en totalt omskakad upplevelse. Och vi blev kvar 1,5 timme. Att få lägga sig ner på stora kuddar och svepas iväg i cosmos till bild, konst, musik, puls. Tystnad och ljud på en gång. Fantastiskt. Vi pratar fortfarande om utställningen när vi hörs. Trots allt annat vi gjorde med andra gallerier, djurgården och Drottningholm så är det denna som satt djupast spår. Tack.","Bjöd med vänner som var i Stockholm över helgen. Jag hade inte varit där ännu men läst om utställningen och sett Tadaa på den omtalade utställningen i Reaktorhallen några år innan. Då magiskt men nu denna i Hötorget är en totalt omskakad upplevelse. Och vi blev kvar 1,5 timme. Att få lägga sig ner på stora kuddar och svepas iväg i cosmos till bild, konst, musik, puls. Tystnad och ljud på en gång. Fantastiskt. Vi pratar fortfarande om utställningen när vi hörs. Trots allt annat vi gjorde med andra gallerier, djurgården och Drottningholm så är det denna som satt djupast spår. Tack.","Tack för att du ville skriva om ditt besök. Fint att ljuset, musiken och rytmen fick bära upplevelsen för dig. Tack för att du kom."
168,taur:1005193262,ready,en,carlwR8992LQ,"April 30, 2025",5.0 of 5 bubbles,An amazing experience and escape from the hectic reality outside. The embracing and engulfing artwork brought tranquility to mind and body for an hour - just what I need ;),An amazing experience and escape from the hectic reality outside. The embracing and engulfing artwork brought tranquility to mind and body for an hour - just what I need ;),Thank you for taking the time to write. It means a great deal that the space could offer a quiet pause inside the pace of the city. Thank you for spending time with us.
169,taur:1005188102,ready,sv,Annika B,"April 30, 2025",5.0 of 5 bubbles,"En meditativt, vacker, avkopplande och helt unik upplevelse. Det var också ett vänligt och fint bemötande. Missa inte detta!","En meditativt, vacker, avkopplande och helt unik upplevelse. Det var också ett vänligt och fint bemötande. Missa inte detta!",Tack för att du ville skriva om ditt besök. Vi uppskattar också att du nämner bemötandet. Tack för att du delade stunden med oss.
170,taur:1004437990,ready,en,saim_ef2025,"April 26, 2025",5.0 of 5 bubbles,"Stunning, calming, a spa for the body and the brain!","Stunning, calming, a spa for the body and the brain!

Andetag (Breath), is an immersive art installation that combines art, technology, music and mindulness, in a lovely way. This space is an oasis in the middle of Stockholm city, where you get to experience the calm and relaxation, while your senses get connected to this beautiful installation. 200% recommended!","Thank you for taking the time to write. It is lovely to hear that the light, music and rhythm came together for you. Thank you for spending time with us."
171,taur:1000843689,ready,en,kimbV8010GK,"April 2, 2025",5.0 of 5 bubbles,I travel a lot. This experience - art - is one of the most moving experiences I’ve ever had in my life. This is a must if you are in Stockholm. I wish it was in every city. Magical - remarkable - beautiful - no words can really describe it - you must experience it -,I travel a lot. This experience - art - is one of the most moving experiences I’ve ever had in my life. This is a must if you are in Stockholm. I wish it was in every city. Magical - remarkable - beautiful - no words can really describe it - you must experience it -,Thank you for taking the time to write. We are glad the experience found its way to you. Thank you for spending time with us.
172,taur:1000647993,ready,en,D4724FMbobs,"April 1, 2025",5.0 of 5 bubbles,"A perfect place to see art and become art and to have an experience. It is so well crafted and takes your breath away, until you breathe again of course.","A perfect place to see art and become art and to have an experience. It is so well crafted and takes your breath away, until you breathe again of course.",Thank you for these generous words. We are glad the experience found its way to you. Thank you for spending time with us.
173,taur:1000349644,ready,sv,171elisabete,"March 30, 2025",5.0 of 5 bubbles,"Magiskt, förunderligt, underbart. Jag skulle vilja ha en dos av den här utställningen varje vecka. Att köpa säsongkort är en bra idé.","Magiskt, förunderligt, underbart. Jag skulle vilja ha en dos av den här utställningen varje vecka. Att köpa säsongkort är en bra idé.",Tack för dina ord och för att du delade upplevelsen. Fint att upplevelsen fick landa hos dig. Tack för att du delade stunden med oss.
174,taur:1000003297,ready,sv,Frida W,"March 27, 2025",5.0 of 5 bubbles,En mycket speciell stund att ge sig själv för eftertanke för att finna lite lugn och utforska sina tankar. Väl värt ett besök.,En mycket speciell stund att ge sig själv för eftertanke för att finna lite lugn och utforska sina tankar. Väl värt ett besök.,Tack för att du tog dig tid att skriva. Det betyder mycket att platsen fick bli ett lugnt avbrott mitt i stadens tempo. Varmt tack för besöket.
175,taur:999975371,ready,en,conorf160,"March 27, 2025",5.0 of 5 bubbles,"The technical mastery behind this is astonishing. And the atmosphere is a powerful combination of grounding and inspiring. I lay for almost an hour in the inner room and allowed the sensations to wash over me, take me in, carry me along, and gently put me down when it was time to go.","The technical mastery behind this is astonishing. And the atmosphere is a powerful combination of grounding and inspiring. I lay for almost an hour in the inner room and allowed the sensations to wash over me, take me in, carry me along, and gently put me down when it was time to go.",Thank you for taking the time to write. It means a great deal that the space could offer a quiet pause inside the pace of the city. Thank you for spending time with us.
176,taur:999958446,ready,en,almeling,"March 27, 2025",5.0 of 5 bubbles,Beautiful and precious. Highly recommended! The art is fantastic but the experience is deeper than that. Its a journey within as well.,Beautiful and precious. Highly recommended! The art is fantastic but the experience is deeper than that. Its a journey within as well.,Thank you for taking the time to write. We are glad the experience found its way to you. Thank you for being with the work.
177,taur:999940891,ready,en,Johdah3,"March 26, 2025",5.0 of 5 bubbles,Fantastic exhibition. Or perhaps better called ”experience”. Difficult to define as it’s a very different thing. I was there for just an hour and it made me mesmerized and calm.,Fantastic exhibition. Or perhaps better called ”experience”. Difficult to define as it’s a very different thing. I was there for just an hour and it made me mesmerized and calm.,Thank you for sharing your experience with us. It means a great deal that the space could offer a quiet pause inside the pace of the city. Thank you for visiting.
178,taur:999937232,ready,en,PetterWallberg,"March 26, 2025",5.0 of 5 bubbles,This experience completely shifted my day.,"This experience completely shifted my day.

I stepped in from the chaos of the subway and left in stillness—feeling grounded, grateful, and present. It’s hard to put into words, but something subtle and powerful happens here.

A must.",Thank you for taking the time to write. It means a great deal that the space could offer a quiet pause inside the pace of the city. Thank you for spending time with us.
179,taur:999934844,ready,en,Annelie1337,"March 26, 2025",5.0 of 5 bubbles,In the guest book both me and my friend started with wow. After having laid on the flow watching the combinations of pieces on the last room transform to the beats of breath. It’s difficult to express in words or images. Experience it instead.,In the guest book both me and my friend started with wow. After having laid on the flow watching the combinations of pieces on the last room transform to the beats of breath. It’s difficult to express in words or images. Experience it instead.,Thank you for these generous words. We are glad the final room gave you time to settle and stay a while. Thank you for spending time with us.
180,taur:999340063,ready,en,ninapK6669VQ,"March 23, 2025",5.0 of 5 bubbles,An amazing art experience. With the woven fabric wall installments that lights up in fantastic colors. And the sound of the artists own breath made it to a very relaxing and almost a spiritual moment.,An amazing art experience. With the woven fabric wall installments that lights up in fantastic colors. And the sound of the artists own breath made it to a very relaxing and almost a spiritual moment.,"Thank you for taking the time to write. It is lovely to hear that the woven works, light and music came together for you. Thank you for spending time with us."
181,taur:998810642,ready,sv,yvonnebF9812JG,"March 19, 2025",5.0 of 5 bubbles,Ifrån stressen i tunnelbanan kom jag in i ett underbart lugn. Vackert och rogivande på Andas. Tiden blir oviktig - bara andas.,Ifrån stressen i tunnelbanan kom jag in i ett underbart lugn. Vackert och rogivande på Andas. Tiden blir oviktig - bara andas.,Tack för dina ord och för att du delade upplevelsen. Det betyder mycket att platsen fick bli ett lugnt avbrott mitt i stadens tempo. Varmt tack för besöket.
182,taur:998688229,ready,sv,linush370,"Mar 18, 2025",5.0 of 5 bubbles,Häftig känsla att stiga in i den här lugnande oasen mitt bland stadens buller. Det är en imponerande teknik som har använts för att blåsa liv i verken. Jag kan starkt rekommendera ett besök!,Häftig känsla att stiga in i den här lugnande oasen mitt bland stadens buller. Det är en imponerande teknik som har använts för att blåsa liv i verken. Jag kan starkt rekommendera ett besök!,Tack för dina ord och för att du delade upplevelsen. Det betyder mycket att platsen fick bli ett lugnt avbrott mitt i stadens tempo. Varmt tack för besöket.
183,taur:998578213,ready,en,556mandyd,"Mar 17, 2025",5.0 of 5 bubbles,"Extraordinary art experience, it’s hard to understand how such a quiet place can be found in the middle of the metro. Can’t recommend it enough! Must see at least once.","Extraordinary art experience, it’s hard to understand how such a quiet place can be found in the middle of the metro. Can’t recommend it enough! Must see at least once.",Thank you for these generous words. It means a great deal that the space could offer a quiet pause inside the pace of the city. Thank you for being with the work.
184,taur:998138806,ready,en,MiniPaprika,"Mar 14, 2025",5.0 of 5 bubbles,"THIS is something else. Hard to describe - it’s a MUST experience thing!! What I feel is unique is that this art gently INVITES you to feel and explore yourself in a different way. Whilst a lot of art created in the world is triggering you into an emotion, this one just opens the possibility for you to go deeper, chose is yours!","THIS is something else. Hard to describe - it’s a MUST experience thing!! What I feel is unique is that this art gently INVITES you to feel and explore yourself in a different way. Whilst a lot of art created in the world is triggering you into an emotion, this one just opens the possibility for you to go deeper, chose is yours!

I will definitely come back again!",Thank you for sharing your experience with us. We are glad the experience found its way to you. Thank you for being with the work.
185,taur:998130291,ready,en,gabrielad810,"Mar 14, 2025",5.0 of 5 bubbles,"Immersive. Mesmerizing. Uplifting! Andetag invites you to checkin with your innerself through art, breath and technology. If you re looking for some unusual culture and unique personal adventure do not hesitate longer!","Immersive. Mesmerizing. Uplifting! Andetag invites you to checkin with your innerself through art, breath and technology. If you re looking for some unusual culture and unique personal adventure do not hesitate longer!",Thank you for these generous words. It means a great deal that the space could offer a quiet pause inside the pace of the city. Thank you for visiting.
186,taur:998115415,ready,en,R2737WEmariac,"Mar 14, 2025",5.0 of 5 bubbles,"Beautiful space and art, an oasis of grounded calm in the busy city center.","Beautiful space and art, an oasis of grounded calm in the busy city center.

Fascinating tech and interconnectivity with all art pieces.",Thank you for taking the time to write. It means a great deal that the space could offer a quiet pause inside the pace of the city. Thank you for spending time with us.
187,taur:998106239,ready,en,viktora513,"Mar 14, 2025",5.0 of 5 bubbles,"Words can’t describe how amazing this experience is. The art is big and breathtaking, literally.","Words can’t describe how amazing this experience is. The art is big and breathtaking, literally.

Don’t miss this if you’re in Stockholm, and have anything interest in art.

It’s meditative, relaxing, inspiring and just amazing. We will definitely come back.",Thank you for sharing your experience with us. It means a great deal that the space could offer a quiet pause inside the pace of the city. Thank you for visiting.
